month,month_start,n_payments,n_failed,fail_rate_pct,failed_value_sgd_m
2024-10,2024-10-01,2726,38,1.39,0.64
2024-11,2024-11-01,2531,37,1.46,1.29
2024-12,2024-12-01,2630,31,1.18,0.93
2025-01,2025-01-01,2865,33,1.15,0.57
2025-02,2025-02-01,2542,33,1.3,1.19
2025-03,2025-03-01,2678,28,1.05,1.68
2025-04,2025-04-01,2936,33,1.12,1.21
2025-05,2025-05-01,2609,49,1.88,1.19
2025-06,2025-06-01,2663,41,1.54,0.96
2025-07,2025-07-01,3238,50,1.54,2.11
2025-08,2025-08-01,2744,34,1.24,2.31
2025-09,2025-09-01,2977,42,1.41,1.88
2025-10,2025-10-01,3000,34,1.13,0.93
2025-11,2025-11-01,2637,33,1.25,0.64
2025-12,2025-12-01,3183,55,1.73,2.36
2026-01,2026-01-01,2687,42,1.56,2.98
2026-02,2026-02-01,2613,34,1.3,2.37
2026-03,2026-03-01,3063,38,1.24,1.53
2026-04,2026-04-01,3065,37,1.21,2.07
2026-05,2026-05-01,2689,44,1.64,1.4
2026-06,2026-06-01,3066,44,1.44,1.87
2026-07,2026-07-01,3292,50,1.52,2.19
2026-08,2026-08-01,3035,42,1.38,1.1
2026-09,2026-09-01,3022,38,1.26,2.05
