date_id,idle_movable_sgd,idle_trapped_sgd,overdrawn_sgd,overdrawn_hq_sgd,offsettable_sgd,remaining_overdraft_sgd,date
20241001,20989011.0,6151358.0,28342881.0,28342881.0,20989011.0,7353870.0,2024-10-01
20241002,20314458.0,6143726.0,26596225.0,26321123.0,20314458.0,6281767.0,2024-10-02
20241003,20087308.0,6019391.0,26498001.0,26222286.0,20087308.0,6410693.0,2024-10-03
20241004,19417528.0,6018220.0,26401712.0,26401712.0,19417528.0,6984184.0,2024-10-04
20241005,19367963.0,6018220.0,26585992.0,26585992.0,19367963.0,7218029.0,2024-10-05
20241006,19367963.0,6018220.0,26585992.0,26585992.0,19367963.0,7218029.0,2024-10-06
20241007,21802602.0,6564898.0,28128718.0,28128718.0,21802602.0,6326116.0,2024-10-07
20241008,25130112.0,9035922.0,29045060.0,29045060.0,25130112.0,3914948.0,2024-10-08
20241009,25169141.0,9322210.0,27643294.0,27643294.0,25169141.0,2474154.0,2024-10-09
20241010,24182652.0,8524605.0,28497941.0,28497941.0,24182652.0,4315289.0,2024-10-10
20241011,22839564.0,8401493.0,29283058.0,29283058.0,22839564.0,6443494.0,2024-10-11
20241012,23121838.0,8401493.0,29562115.0,29562115.0,23121838.0,6440277.0,2024-10-12
20241013,23121838.0,8401493.0,29562115.0,29562115.0,23121838.0,6440277.0,2024-10-13
20241014,24845462.0,9276330.0,30246385.0,30246385.0,24845462.0,5400922.0,2024-10-14
20241015,28076323.0,9635642.0,30309274.0,30309274.0,28076323.0,2232952.0,2024-10-15
20241016,25341590.0,9576000.0,26195418.0,26195418.0,25341590.0,853828.0,2024-10-16
20241017,24041717.0,8109384.0,26775726.0,26775726.0,24041717.0,2734009.0,2024-10-17
20241018,24044077.0,7599127.0,27357932.0,27357932.0,24044077.0,3313855.0,2024-10-18
20241019,24051269.0,7599127.0,27650669.0,27650669.0,24051269.0,3599400.0,2024-10-19
20241020,24051269.0,7599127.0,27650669.0,27650669.0,24051269.0,3599400.0,2024-10-20
20241021,24971270.0,8252243.0,28291632.0,28291632.0,24971270.0,3320362.0,2024-10-21
20241022,29567767.0,7802013.0,29223641.0,29223641.0,29223641.0,0.0,2024-10-22
20241023,29748496.0,7886855.0,28507126.0,28507126.0,28507126.0,0.0,2024-10-23
20241024,29170355.0,6200552.0,29474676.0,29474676.0,29170355.0,304321.0,2024-10-24
20241025,26953731.0,6084258.0,30112392.0,30112392.0,26953731.0,3158661.0,2024-10-25
20241026,27426725.0,6084258.0,30367492.0,30367492.0,27426725.0,2940768.0,2024-10-26
20241027,27426725.0,6084258.0,30367492.0,30367492.0,27426725.0,2940768.0,2024-10-27
20241028,29039914.0,7128501.0,30103406.0,30103406.0,29039914.0,1063492.0,2024-10-28
20241029,31706323.0,7034272.0,30493990.0,30493990.0,30493990.0,0.0,2024-10-29
20241030,32208810.0,6970571.0,28623447.0,28623447.0,28623447.0,0.0,2024-10-30
20241031,31080401.0,6426651.0,28197140.0,28197140.0,28197140.0,0.0,2024-10-31
20241101,31798560.0,6755897.0,28962171.0,28962171.0,28962171.0,0.0,2024-11-01
20241102,31952033.0,6755897.0,28940568.0,28940568.0,28940568.0,0.0,2024-11-02
20241103,31952033.0,6755897.0,28940568.0,28940568.0,28940568.0,0.0,2024-11-03
20241104,33704107.0,7364461.0,30018018.0,30018018.0,30018018.0,0.0,2024-11-04
20241105,36026175.0,8520746.0,30574885.0,30574885.0,30574885.0,0.0,2024-11-05
20241106,38407674.0,8932657.0,28882590.0,28882590.0,28882590.0,0.0,2024-11-06
20241107,38008959.0,8442026.0,30186222.0,30186222.0,30186222.0,0.0,2024-11-07
20241108,37712049.0,7282226.0,30747246.0,30747246.0,30747246.0,0.0,2024-11-08
20241109,37519183.0,7282226.0,31266183.0,31266183.0,31266183.0,0.0,2024-11-09
20241110,37519183.0,7282226.0,31266183.0,31266183.0,31266183.0,0.0,2024-11-10
20241111,39157590.0,8981471.0,31760084.0,31760084.0,31760084.0,0.0,2024-11-11
20241112,41646226.0,8402610.0,31372976.0,31372976.0,31372976.0,0.0,2024-11-12
20241113,41371256.0,8644237.0,28230568.0,28230568.0,28230568.0,0.0,2024-11-13
20241114,42123658.0,6922251.0,29013054.0,29013054.0,29013054.0,0.0,2024-11-14
20241115,39749992.0,6997481.0,29605893.0,29605893.0,29605893.0,0.0,2024-11-15
20241116,39764670.0,6997481.0,29856231.0,29856231.0,29856231.0,0.0,2024-11-16
20241117,39764670.0,6997481.0,29856231.0,29856231.0,29856231.0,0.0,2024-11-17
20241118,43179103.0,9004921.0,32053335.0,32053335.0,32053335.0,0.0,2024-11-18
20241119,45497043.0,8781293.0,33587443.0,33587443.0,33587443.0,0.0,2024-11-19
20241120,46709720.0,8685843.0,32916087.0,32916087.0,32916087.0,0.0,2024-11-20
20241121,45033960.0,7418417.0,32770039.0,32770039.0,32770039.0,0.0,2024-11-21
20241122,42047379.0,7151516.0,33093544.0,33093544.0,33093544.0,0.0,2024-11-22
20241123,42100955.0,7151516.0,32864792.0,32864792.0,32864792.0,0.0,2024-11-23
20241124,42100955.0,7151516.0,32864792.0,32864792.0,32864792.0,0.0,2024-11-24
20241125,43155747.0,9443249.0,33599830.0,33582363.0,33599830.0,0.0,2024-11-25
20241126,46079628.0,10555089.0,34835956.0,34835956.0,34835956.0,0.0,2024-11-26
20241127,43398941.0,10531558.0,31924420.0,31924420.0,31924420.0,0.0,2024-11-27
20241128,43312719.0,9745761.0,32790686.0,32790686.0,32790686.0,0.0,2024-11-28
20241129,43645864.0,8734535.0,33462770.0,33289729.0,33462770.0,0.0,2024-11-29
20241130,44066740.0,8734535.0,34106774.0,33933733.0,34106774.0,0.0,2024-11-30
20241201,44066740.0,8734535.0,34106774.0,33933733.0,34106774.0,0.0,2024-12-01
20241202,45563068.0,10373129.0,35081871.0,35081871.0,35081871.0,0.0,2024-12-02
20241203,48243224.0,11316709.0,36151074.0,36151074.0,36151074.0,0.0,2024-12-03
20241204,50653759.0,11669888.0,35853343.0,35853343.0,35853343.0,0.0,2024-12-04
20241205,50162049.0,10123121.0,36099838.0,36099838.0,36099838.0,0.0,2024-12-05
20241206,49200981.0,10208553.0,37627217.0,37627217.0,37627217.0,0.0,2024-12-06
20241207,49163252.0,10208553.0,37627539.0,37627539.0,37627539.0,0.0,2024-12-07
20241208,49157031.0,10208553.0,37627539.0,37627539.0,37627539.0,0.0,2024-12-08
20241209,50118636.0,12445209.0,38602026.0,38602026.0,38602026.0,0.0,2024-12-09
20241210,55113974.0,13202824.0,38962761.0,38962761.0,38962761.0,0.0,2024-12-10
20241211,52941940.0,13479010.0,37035411.0,37035411.0,37035411.0,0.0,2024-12-11
20241212,50156051.0,11174208.0,36048456.0,36048456.0,36048456.0,0.0,2024-12-12
20241213,48963374.0,10797147.0,36890609.0,36890609.0,36890609.0,0.0,2024-12-13
20241214,48995613.0,10797147.0,37235274.0,37235274.0,37235274.0,0.0,2024-12-14
20241215,48995613.0,10797147.0,37235274.0,37235274.0,37235274.0,0.0,2024-12-15
20241216,50808380.0,12490531.0,37968793.0,37968793.0,37968793.0,0.0,2024-12-16
20241217,55677384.0,12353753.0,38713523.0,38713523.0,38713523.0,0.0,2024-12-17
20241218,55893983.0,12380493.0,37546283.0,37546283.0,37546283.0,0.0,2024-12-18
20241219,54100629.0,11460767.0,37849500.0,37849500.0,37849500.0,0.0,2024-12-19
20241220,51451122.0,11222375.0,40067715.0,40067715.0,40067715.0,0.0,2024-12-20
20241221,50441524.0,11222375.0,41455458.0,41455458.0,41455458.0,0.0,2024-12-21
20241222,50441524.0,11222375.0,41455458.0,41455458.0,41455458.0,0.0,2024-12-22
20241223,53683471.0,12391880.0,42742820.0,42742820.0,42742820.0,0.0,2024-12-23
20241224,55769517.0,12707081.0,42806470.0,42806470.0,42806470.0,0.0,2024-12-24
20241225,56161649.0,12873360.0,42653305.0,42653305.0,42653305.0,0.0,2024-12-25
20241226,55427063.0,11232699.0,42818402.0,42818402.0,42818402.0,0.0,2024-12-26
20241227,56695102.0,11674340.0,44027224.0,44027224.0,44027224.0,0.0,2024-12-27
20241228,56888992.0,11674340.0,44449534.0,44449534.0,44449534.0,0.0,2024-12-28
20241229,56770936.0,11674340.0,44449534.0,44449534.0,44449534.0,0.0,2024-12-29
20241230,58610910.0,12983850.0,44429210.0,44429210.0,44429210.0,0.0,2024-12-30
20241231,61324862.0,12854400.0,44317295.0,44317295.0,44317295.0,0.0,2024-12-31
20250101,61604724.0,12848035.0,43970450.0,43970450.0,43970450.0,0.0,2025-01-01
20250102,60699850.0,12173402.0,44628216.0,44628216.0,44628216.0,0.0,2025-01-02
20250103,59778530.0,11959985.0,45214916.0,45214916.0,45214916.0,0.0,2025-01-03
20250104,59928865.0,11959985.0,45442885.0,45442885.0,45442885.0,0.0,2025-01-04
20250105,59928865.0,11959985.0,45442885.0,45442885.0,45442885.0,0.0,2025-01-05
20250106,62005902.0,13706917.0,46195705.0,46195705.0,46195705.0,0.0,2025-01-06
20250107,65877615.0,13908450.0,47025354.0,47025354.0,47025354.0,0.0,2025-01-07
20250108,65794870.0,14246393.0,44117413.0,44117413.0,44117413.0,0.0,2025-01-08
20250109,65711606.0,12124155.0,43764403.0,43764403.0,43764403.0,0.0,2025-01-09
20250110,63627947.0,11426984.0,44793296.0,44793296.0,44793296.0,0.0,2025-01-10
20250111,64167163.0,11426984.0,44825724.0,44825724.0,44825724.0,0.0,2025-01-11
20250112,64167163.0,11426984.0,44825724.0,44825724.0,44825724.0,0.0,2025-01-12
20250113,66231530.0,13475574.0,47368945.0,47368945.0,47368945.0,0.0,2025-01-13
20250114,71522151.0,13316827.0,48570255.0,48570255.0,48570255.0,0.0,2025-01-14
20250115,71529346.0,13419903.0,47406944.0,47406944.0,47406944.0,0.0,2025-01-15
20250116,70246061.0,11420767.0,46109932.0,46109932.0,46109932.0,0.0,2025-01-16
20250117,68738762.0,11507307.0,46617959.0,46617959.0,46617959.0,0.0,2025-01-17
20250118,68711177.0,11507307.0,47525335.0,47525335.0,47525335.0,0.0,2025-01-18
20250119,68711177.0,11507307.0,47525335.0,47525335.0,47525335.0,0.0,2025-01-19
20250120,69350889.0,16490004.0,51920525.0,51920525.0,51920525.0,0.0,2025-01-20
20250121,72283035.0,16531626.0,51867453.0,51867453.0,51867453.0,0.0,2025-01-21
20250122,72294833.0,16488861.0,49891109.0,49891109.0,49891109.0,0.0,2025-01-22
20250123,74915452.0,11140645.0,50859144.0,50859144.0,50859144.0,0.0,2025-01-23
20250124,75518168.0,12535542.0,53083402.0,53083402.0,53083402.0,0.0,2025-01-24
20250125,75767751.0,12535542.0,53168022.0,53168022.0,53168022.0,0.0,2025-01-25
20250126,75767751.0,12535542.0,53168022.0,53168022.0,53168022.0,0.0,2025-01-26
20250127,76319479.0,13668898.0,53895467.0,53895467.0,53895467.0,0.0,2025-01-27
20250128,79590465.0,13764847.0,55534600.0,55534600.0,55534600.0,0.0,2025-01-28
20250129,77822931.0,13944940.0,55096130.0,55096130.0,55096130.0,0.0,2025-01-29
20250130,74493728.0,13691774.0,55053795.0,55053795.0,55053795.0,0.0,2025-01-30
20250131,72461530.0,13921938.0,55213799.0,55213799.0,55213799.0,0.0,2025-01-31
20250201,72575575.0,13921938.0,55045656.0,54970565.0,55045656.0,0.0,2025-02-01
20250202,72575575.0,13921938.0,55045656.0,54970565.0,55045656.0,0.0,2025-02-02
20250203,73556312.0,14410518.0,55231206.0,55231206.0,55231206.0,0.0,2025-02-03
20250204,79153634.0,14546845.0,55983940.0,55983940.0,55983940.0,0.0,2025-02-04
20250205,81423993.0,16786864.0,55836837.0,55836837.0,55836837.0,0.0,2025-02-05
20250206,81633463.0,16133499.0,54873933.0,54873933.0,54873933.0,0.0,2025-02-06
20250207,81156006.0,16146425.0,56302324.0,56302324.0,56302324.0,0.0,2025-02-07
20250208,80909991.0,16146425.0,56856241.0,56856241.0,56856241.0,0.0,2025-02-08
20250209,80909991.0,16146425.0,56856241.0,56856241.0,56856241.0,0.0,2025-02-09
20250210,82504099.0,18043070.0,57365226.0,57365226.0,57365226.0,0.0,2025-02-10
20250211,84728471.0,18260867.0,57618509.0,57618509.0,57618509.0,0.0,2025-02-11
20250212,85247576.0,18206255.0,57020679.0,57020679.0,57020679.0,0.0,2025-02-12
20250213,83274143.0,16604967.0,56698016.0,56698016.0,56698016.0,0.0,2025-02-13
20250214,81312686.0,16622152.0,57816625.0,57816625.0,57816625.0,0.0,2025-02-14
20250215,80812993.0,16622152.0,58105174.0,58105174.0,58105174.0,0.0,2025-02-15
20250216,80812993.0,16622152.0,58105174.0,58105174.0,58105174.0,0.0,2025-02-16
20250217,86265530.0,18218611.0,62407504.0,62407504.0,62407504.0,0.0,2025-02-17
20250218,89853397.0,17984100.0,63551920.0,63551920.0,63551920.0,0.0,2025-02-18
20250219,91015455.0,17860112.0,62080555.0,62080555.0,62080555.0,0.0,2025-02-19
20250220,86726294.0,16714722.0,62709716.0,62709716.0,62709716.0,0.0,2025-02-20
20250221,85301939.0,16509696.0,63737289.0,63722325.0,63737289.0,0.0,2025-02-21
20250222,85325696.0,16509696.0,64024945.0,64009981.0,64024945.0,0.0,2025-02-22
20250223,85325696.0,16509696.0,64024945.0,64009981.0,64024945.0,0.0,2025-02-23
20250224,87213353.0,18054567.0,65182744.0,65182744.0,65182744.0,0.0,2025-02-24
20250225,92266927.0,18356827.0,65725341.0,65725341.0,65725341.0,0.0,2025-02-25
20250226,92023281.0,18329700.0,64164295.0,64164295.0,64164295.0,0.0,2025-02-26
20250227,91895660.0,17393034.0,64491705.0,64491705.0,64491705.0,0.0,2025-02-27
20250228,91067056.0,17435320.0,65529008.0,65529008.0,65529008.0,0.0,2025-02-28
20250301,90812907.0,17435320.0,65924001.0,65924001.0,65924001.0,0.0,2025-03-01
20250302,90812907.0,17435320.0,65924001.0,65924001.0,65924001.0,0.0,2025-03-02
20250303,95069643.0,19250063.0,69059361.0,69059361.0,69059361.0,0.0,2025-03-03
20250304,97159716.0,19325954.0,68808100.0,68808100.0,68808100.0,0.0,2025-03-04
20250305,97772408.0,19511523.0,68103287.0,68103287.0,68103287.0,0.0,2025-03-05
20250306,93718435.0,18328497.0,68372490.0,68372490.0,68372490.0,0.0,2025-03-06
20250307,92996373.0,18367203.0,69682342.0,69682342.0,69682342.0,0.0,2025-03-07
20250308,92619945.0,18367203.0,69509265.0,69509265.0,69509265.0,0.0,2025-03-08
20250309,92619945.0,18367203.0,69509265.0,69509265.0,69509265.0,0.0,2025-03-09
20250310,94774147.0,19197258.0,69435711.0,69435711.0,69435711.0,0.0,2025-03-10
20250311,98784951.0,19374945.0,70059224.0,70059224.0,70059224.0,0.0,2025-03-11
20250312,100418855.0,19335805.0,68991741.0,68991741.0,68991741.0,0.0,2025-03-12
20250313,100712564.0,18397422.0,69333492.0,69333492.0,69333492.0,0.0,2025-03-13
20250314,99030443.0,18493723.0,70986242.0,70936693.0,70986242.0,0.0,2025-03-14
20250315,99778491.0,18493723.0,71303637.0,71254088.0,71303637.0,0.0,2025-03-15
20250316,99778491.0,18493723.0,71303637.0,71254088.0,71303637.0,0.0,2025-03-16
20250317,101118642.0,19122753.0,71712413.0,71712413.0,71712413.0,0.0,2025-03-17
20250318,104810138.0,19310558.0,71380236.0,71380236.0,71380236.0,0.0,2025-03-18
20250319,104221326.0,19413625.0,69808157.0,69808157.0,69808157.0,0.0,2025-03-19
20250320,103404489.0,18462250.0,70124771.0,70124771.0,70124771.0,0.0,2025-03-20
20250321,101642433.0,18511852.0,71596850.0,71596850.0,71596850.0,0.0,2025-03-21
20250322,101543442.0,18511852.0,71566348.0,71566348.0,71566348.0,0.0,2025-03-22
20250323,101543442.0,18511852.0,71566348.0,71566348.0,71566348.0,0.0,2025-03-23
20250324,103466255.0,20843726.0,73478734.0,73478734.0,73478734.0,0.0,2025-03-24
20250325,106951186.0,20629440.0,74157976.0,74157976.0,74157976.0,0.0,2025-03-25
20250326,105944409.0,20476326.0,73637888.0,73637888.0,73637888.0,0.0,2025-03-26
20250327,104340095.0,18854266.0,73929560.0,73929560.0,73929560.0,0.0,2025-03-27
20250328,101655697.0,18871051.0,74385787.0,74385787.0,74385787.0,0.0,2025-03-28
20250329,101616580.0,18871051.0,74276203.0,74276203.0,74276203.0,0.0,2025-03-29
20250330,101616580.0,18871051.0,74276203.0,74276203.0,74276203.0,0.0,2025-03-30
20250331,102381933.0,20237386.0,75836798.0,75836798.0,75836798.0,0.0,2025-03-31
20250401,103996745.0,21098923.0,75902888.0,75902888.0,75902888.0,0.0,2025-04-01
20250402,106117871.0,21204096.0,75797852.0,75797852.0,75797852.0,0.0,2025-04-02
20250403,108148889.0,19576889.0,79168735.0,79168735.0,79168735.0,0.0,2025-04-03
20250404,106796111.0,19575860.0,79239146.0,79239146.0,79239146.0,0.0,2025-04-04
20250405,106950137.0,19575860.0,79447939.0,79447939.0,79447939.0,0.0,2025-04-05
20250406,106950137.0,19575860.0,79447939.0,79447939.0,79447939.0,0.0,2025-04-06
20250407,110221301.0,21157065.0,82000645.0,82000645.0,82000645.0,0.0,2025-04-07
20250408,111692446.0,21601673.0,84462179.0,84462179.0,84462179.0,0.0,2025-04-08
20250409,112558850.0,22235348.0,83294914.0,83294914.0,83294914.0,0.0,2025-04-09
20250410,112252667.0,20731728.0,83992053.0,83992053.0,83992053.0,0.0,2025-04-10
20250411,108600673.0,20836622.0,85442215.0,85442215.0,85442215.0,0.0,2025-04-11
20250412,108797835.0,20836622.0,85483006.0,85483006.0,85483006.0,0.0,2025-04-12
20250413,108797835.0,20836622.0,85483006.0,85483006.0,85483006.0,0.0,2025-04-13
20250414,109737496.0,22261378.0,85884791.0,85884791.0,85884791.0,0.0,2025-04-14
20250415,112440182.0,22367427.0,84989836.0,84989836.0,84989836.0,0.0,2025-04-15
20250416,112842865.0,22543645.0,84468878.0,84468878.0,84468878.0,0.0,2025-04-16
20250417,111752307.0,21773015.0,84943898.0,84943898.0,84943898.0,0.0,2025-04-17
20250418,111888948.0,22118686.0,85305338.0,85305338.0,85305338.0,0.0,2025-04-18
20250419,111833759.0,22118686.0,85305338.0,85305338.0,85305338.0,0.0,2025-04-19
20250420,111833759.0,22118686.0,85305338.0,85305338.0,85305338.0,0.0,2025-04-20
20250421,114448005.0,23393333.0,85822431.0,85822431.0,85822431.0,0.0,2025-04-21
20250422,118027447.0,22882408.0,87236421.0,87236421.0,87236421.0,0.0,2025-04-22
20250423,117599949.0,23062552.0,86140311.0,86140311.0,86140311.0,0.0,2025-04-23
20250424,117627459.0,21400736.0,86808850.0,86808850.0,86808850.0,0.0,2025-04-24
20250425,115712926.0,21383685.0,88180862.0,88180862.0,88180862.0,0.0,2025-04-25
20250426,115878359.0,21383685.0,88341533.0,88341533.0,88341533.0,0.0,2025-04-26
20250427,115878359.0,21383685.0,88341533.0,88341533.0,88341533.0,0.0,2025-04-27
20250428,117373089.0,23754229.0,88219502.0,88219502.0,88219502.0,0.0,2025-04-28
20250429,118699634.0,23512328.0,88272426.0,88272426.0,88272426.0,0.0,2025-04-29
20250430,119133406.0,23966271.0,87679650.0,87546565.0,87679650.0,0.0,2025-04-30
20250501,118813375.0,23903840.0,88772123.0,88638522.0,88772123.0,0.0,2025-05-01
20250502,117974365.0,23896210.0,89147715.0,88895465.0,89147715.0,0.0,2025-05-02
20250503,117942757.0,23896210.0,89053577.0,88801327.0,89053577.0,0.0,2025-05-03
20250504,117942757.0,23896210.0,89053577.0,88801327.0,89053577.0,0.0,2025-05-04
20250505,119325733.0,24032239.0,88661387.0,88661387.0,88661387.0,0.0,2025-05-05
20250506,122734468.0,25890335.0,88906937.0,88906937.0,88906937.0,0.0,2025-05-06
20250507,123471088.0,26436849.0,88117450.0,88117450.0,88117450.0,0.0,2025-05-07
20250508,124669872.0,24065949.0,88845743.0,88845743.0,88845743.0,0.0,2025-05-08
20250509,125775297.0,24176632.0,90366743.0,90366743.0,90366743.0,0.0,2025-05-09
20250510,125836538.0,24176632.0,90671446.0,90671446.0,90671446.0,0.0,2025-05-10
20250511,125836538.0,24176632.0,90671446.0,90671446.0,90671446.0,0.0,2025-05-11
20250512,126916907.0,25114174.0,90719138.0,90719138.0,90719138.0,0.0,2025-05-12
20250513,128667121.0,25615892.0,90799079.0,90799079.0,90799079.0,0.0,2025-05-13
20250514,130209101.0,25687766.0,89138262.0,89138262.0,89138262.0,0.0,2025-05-14
20250515,130311890.0,23431898.0,89724204.0,89724204.0,89724204.0,0.0,2025-05-15
20250516,129218452.0,23360818.0,90339498.0,90339498.0,90339498.0,0.0,2025-05-16
20250517,129190055.0,23360818.0,90660719.0,90660719.0,90660719.0,0.0,2025-05-17
20250518,129190055.0,23360818.0,90660719.0,90660719.0,90660719.0,0.0,2025-05-18
20250519,131177877.0,24762761.0,91563132.0,91563132.0,91563132.0,0.0,2025-05-19
20250520,134088260.0,24556103.0,92539949.0,92539949.0,92539949.0,0.0,2025-05-20
20250521,135241383.0,24354480.0,92271178.0,92271178.0,92271178.0,0.0,2025-05-21
20250522,134440087.0,20778807.0,94669704.0,94669704.0,94669704.0,0.0,2025-05-22
20250523,133199610.0,21092312.0,96549830.0,96549830.0,96549830.0,0.0,2025-05-23
20250524,133150601.0,21092312.0,96717488.0,96717488.0,96717488.0,0.0,2025-05-24
20250525,133150601.0,21092312.0,96717488.0,96717488.0,96717488.0,0.0,2025-05-25
20250526,134090326.0,22628838.0,97538276.0,97538276.0,97538276.0,0.0,2025-05-26
20250527,133171641.0,21747890.0,97812222.0,97812222.0,97812222.0,0.0,2025-05-27
20250528,131098412.0,22205872.0,95845390.0,95845390.0,95845390.0,0.0,2025-05-28
20250529,131290739.0,20590850.0,97262130.0,97262130.0,97262130.0,0.0,2025-05-29
20250530,130222049.0,21730872.0,98202852.0,98202852.0,98202852.0,0.0,2025-05-30
20250531,130701518.0,21730872.0,98027300.0,98027300.0,98027300.0,0.0,2025-05-31
20250601,130701518.0,21730872.0,98027300.0,98027300.0,98027300.0,0.0,2025-06-01
20250602,130885556.0,22390585.0,98125111.0,98125111.0,98125111.0,0.0,2025-06-02
20250603,134545361.0,25139243.0,99235276.0,99235276.0,99235276.0,0.0,2025-06-03
20250604,135619123.0,25342156.0,98210492.0,98210492.0,98210492.0,0.0,2025-06-04
20250605,134894136.0,23595171.0,97808461.0,97808461.0,97808461.0,0.0,2025-06-05
20250606,134361680.0,23494705.0,100559144.0,100559144.0,100559144.0,0.0,2025-06-06
20250607,134377385.0,23494705.0,100375096.0,100375096.0,100375096.0,0.0,2025-06-07
20250608,134377385.0,23494705.0,100375096.0,100375096.0,100375096.0,0.0,2025-06-08
20250609,135746587.0,25421183.0,101756064.0,101756064.0,101756064.0,0.0,2025-06-09
20250610,138308610.0,25438200.0,102855586.0,102855586.0,102855586.0,0.0,2025-06-10
20250611,140793420.0,25692713.0,102643864.0,102643864.0,102643864.0,0.0,2025-06-11
20250612,140490548.0,24198848.0,104342421.0,104342421.0,104342421.0,0.0,2025-06-12
20250613,138174941.0,24321374.0,104715430.0,104612894.0,104715430.0,0.0,2025-06-13
20250614,138267719.0,24321374.0,104888093.0,104785557.0,104888093.0,0.0,2025-06-14
20250615,138267719.0,24321374.0,104888093.0,104785557.0,104888093.0,0.0,2025-06-15
20250616,141272122.0,25788335.0,105550316.0,105550316.0,105550316.0,0.0,2025-06-16
20250617,144122951.0,26243036.0,106123496.0,106123496.0,106123496.0,0.0,2025-06-17
20250618,143746189.0,26285610.0,105097114.0,105097114.0,105097114.0,0.0,2025-06-18
20250619,142241359.0,24761515.0,105525405.0,105525405.0,105525405.0,0.0,2025-06-19
20250620,142089415.0,24398207.0,106003365.0,106003365.0,106003365.0,0.0,2025-06-20
20250621,143181344.0,24398207.0,106328597.0,106328597.0,106328597.0,0.0,2025-06-21
20250622,143181344.0,24398207.0,106328597.0,106328597.0,106328597.0,0.0,2025-06-22
20250623,145094605.0,25227553.0,107523065.0,107523065.0,107523065.0,0.0,2025-06-23
20250624,148016710.0,25413271.0,108765175.0,108765175.0,108765175.0,0.0,2025-06-24
20250625,149910670.0,25598384.0,107282547.0,107282547.0,107282547.0,0.0,2025-06-25
20250626,149487889.0,24433043.0,108218266.0,108218266.0,108218266.0,0.0,2025-06-26
20250627,147906305.0,24940686.0,108562755.0,108562755.0,108562755.0,0.0,2025-06-27
20250628,147441001.0,24940686.0,108518633.0,108518633.0,108518633.0,0.0,2025-06-28
20250629,147441001.0,24940686.0,108518633.0,108518633.0,108518633.0,0.0,2025-06-29
20250630,149259125.0,26208291.0,109297073.0,109297073.0,109297073.0,0.0,2025-06-30
20250701,151266917.0,27345163.0,109996988.0,109996988.0,109996988.0,0.0,2025-07-01
20250702,153512915.0,27711079.0,109376953.0,109376953.0,109376953.0,0.0,2025-07-02
20250703,151829525.0,26579032.0,109402904.0,109402904.0,109402904.0,0.0,2025-07-03
20250704,149781394.0,26197252.0,110181377.0,110181377.0,110181377.0,0.0,2025-07-04
20250705,149818304.0,26197252.0,110504134.0,110504134.0,110504134.0,0.0,2025-07-05
20250706,149818304.0,26197252.0,110504134.0,110504134.0,110504134.0,0.0,2025-07-06
20250707,152747733.0,28736704.0,112265796.0,112265796.0,112265796.0,0.0,2025-07-07
20250708,155392101.0,29609041.0,113125990.0,113125990.0,113125990.0,0.0,2025-07-08
20250709,159252128.0,29587865.0,114843806.0,114843806.0,114843806.0,0.0,2025-07-09
20250710,159359139.0,28158842.0,115108444.0,115108444.0,115108444.0,0.0,2025-07-10
20250711,159551301.0,27522861.0,115819504.0,115819504.0,115819504.0,0.0,2025-07-11
20250712,159214230.0,27522861.0,115868984.0,115868984.0,115868984.0,0.0,2025-07-12
20250713,159214230.0,27522861.0,115868984.0,115868984.0,115868984.0,0.0,2025-07-13
20250714,158878728.0,29343806.0,117126526.0,117126526.0,117126526.0,0.0,2025-07-14
20250715,162130009.0,29917426.0,117790340.0,117790340.0,117790340.0,0.0,2025-07-15
20250716,162715846.0,30198213.0,115393582.0,115393582.0,115393582.0,0.0,2025-07-16
20250717,160834745.0,28095536.0,116305919.0,116305919.0,116305919.0,0.0,2025-07-17
20250718,159195803.0,28302209.0,117265474.0,117265474.0,117265474.0,0.0,2025-07-18
20250719,159406915.0,28302209.0,117847603.0,117847603.0,117847603.0,0.0,2025-07-19
20250720,159406915.0,28302209.0,117847603.0,117847603.0,117847603.0,0.0,2025-07-20
20250721,161988441.0,30915772.0,118001665.0,118001665.0,118001665.0,0.0,2025-07-21
20250722,165536611.0,30350696.0,119474076.0,119474076.0,119474076.0,0.0,2025-07-22
20250723,164734328.0,30712908.0,118554550.0,118554550.0,118554550.0,0.0,2025-07-23
20250724,163583795.0,28524993.0,119531083.0,119531083.0,119531083.0,0.0,2025-07-24
20250725,162869712.0,28198658.0,120963062.0,120963062.0,120963062.0,0.0,2025-07-25
20250726,163238253.0,28198658.0,122720291.0,122720291.0,122720291.0,0.0,2025-07-26
20250727,163238253.0,28198658.0,122720291.0,122720291.0,122720291.0,0.0,2025-07-27
20250728,164951436.0,29283603.0,122566766.0,122566766.0,122566766.0,0.0,2025-07-28
20250729,167055442.0,28699811.0,122631141.0,122631141.0,122631141.0,0.0,2025-07-29
20250730,165701002.0,29017026.0,120659040.0,120659040.0,120659040.0,0.0,2025-07-30
20250731,165404660.0,27250454.0,120753416.0,120753416.0,120753416.0,0.0,2025-07-31
20250801,165960000.0,27527611.0,122486135.0,122486135.0,122486135.0,0.0,2025-08-01
20250802,166201924.0,27527611.0,121463147.0,121463147.0,121463147.0,0.0,2025-08-02
20250803,166187609.0,27527611.0,121463147.0,121463147.0,121463147.0,0.0,2025-08-03
20250804,168765930.0,30611535.0,122140344.0,122140344.0,122140344.0,0.0,2025-08-04
20250805,172792325.0,30713718.0,123520042.0,123520042.0,123520042.0,0.0,2025-08-05
20250806,172590806.0,31118794.0,123088893.0,123088893.0,123088893.0,0.0,2025-08-06
20250807,172557103.0,29129311.0,124318638.0,124318638.0,124318638.0,0.0,2025-08-07
20250808,171157238.0,29326699.0,125986780.0,125986780.0,125986780.0,0.0,2025-08-08
20250809,172043769.0,29326699.0,126182607.0,126182607.0,126182607.0,0.0,2025-08-09
20250810,172043769.0,29326699.0,126182607.0,126182607.0,126182607.0,0.0,2025-08-10
20250811,176586936.0,31473649.0,128235358.0,128235358.0,128235358.0,0.0,2025-08-11
20250812,181723149.0,31947949.0,129473560.0,129473560.0,129473560.0,0.0,2025-08-12
20250813,179975205.0,32037717.0,126585424.0,126585424.0,126585424.0,0.0,2025-08-13
20250814,179047474.0,30481005.0,126641710.0,126641710.0,126641710.0,0.0,2025-08-14
20250815,178033199.0,30431334.0,128115858.0,128115858.0,128115858.0,0.0,2025-08-15
20250816,178297750.0,30431334.0,127568267.0,127568267.0,127568267.0,0.0,2025-08-16
20250817,178297750.0,30431334.0,127568267.0,127568267.0,127568267.0,0.0,2025-08-17
20250818,183223559.0,33544732.0,130213352.0,130213352.0,130213352.0,0.0,2025-08-18
20250819,185496798.0,33374533.0,131142922.0,131142922.0,131142922.0,0.0,2025-08-19
20250820,186392091.0,33457994.0,130047936.0,130047936.0,130047936.0,0.0,2025-08-20
20250821,183403921.0,32804880.0,130777260.0,130777260.0,130777260.0,0.0,2025-08-21
20250822,182934632.0,33448333.0,131611506.0,131611506.0,131611506.0,0.0,2025-08-22
20250823,182996894.0,33448333.0,131819578.0,131819578.0,131819578.0,0.0,2025-08-23
20250824,182996894.0,33448333.0,131819578.0,131819578.0,131819578.0,0.0,2025-08-24
20250825,186003090.0,35034447.0,132798577.0,132798577.0,132798577.0,0.0,2025-08-25
20250826,191494277.0,34871814.0,135979093.0,135979093.0,135979093.0,0.0,2025-08-26
20250827,191028406.0,34941164.0,135132393.0,135132393.0,135132393.0,0.0,2025-08-27
20250828,189586161.0,32639801.0,134647191.0,134647191.0,134647191.0,0.0,2025-08-28
20250829,185227049.0,32616687.0,135488667.0,135488667.0,135488667.0,0.0,2025-08-29
20250830,185054582.0,32616687.0,135730580.0,135730580.0,135730580.0,0.0,2025-08-30
20250831,185054582.0,32616687.0,135730580.0,135730580.0,135730580.0,0.0,2025-08-31
20250901,186070715.0,34785580.0,136552501.0,136552501.0,136552501.0,0.0,2025-09-01
20250902,187577696.0,34906969.0,137344653.0,137344653.0,137344653.0,0.0,2025-09-02
20250903,190158921.0,34932140.0,135880025.0,135880025.0,135880025.0,0.0,2025-09-03
20250904,189804047.0,37045560.0,138570463.0,138570463.0,138570463.0,0.0,2025-09-04
20250905,190473268.0,37912279.0,139668914.0,139668914.0,139668914.0,0.0,2025-09-05
20250906,190436872.0,37912279.0,139888082.0,139888082.0,139888082.0,0.0,2025-09-06
20250907,190436872.0,37912279.0,139888082.0,139888082.0,139888082.0,0.0,2025-09-07
20250908,194799927.0,40268029.0,141912799.0,141912799.0,141912799.0,0.0,2025-09-08
20250909,201183185.0,36319320.0,143112092.0,143112092.0,143112092.0,0.0,2025-09-09
20250910,200509079.0,36011763.0,141537772.0,141537772.0,141537772.0,0.0,2025-09-10
20250911,198774708.0,33784716.0,142094668.0,142094668.0,142094668.0,0.0,2025-09-11
20250912,197587560.0,34195674.0,142791858.0,142791858.0,142791858.0,0.0,2025-09-12
20250913,197909886.0,34195674.0,142974184.0,142974184.0,142974184.0,0.0,2025-09-13
20250914,197909886.0,34195674.0,142974184.0,142974184.0,142974184.0,0.0,2025-09-14
20250915,201258417.0,36378139.0,145525455.0,145525455.0,145525455.0,0.0,2025-09-15
20250916,204488833.0,36418571.0,146076478.0,146076478.0,146076478.0,0.0,2025-09-16
20250917,204276978.0,36479490.0,145607086.0,145607086.0,145607086.0,0.0,2025-09-17
20250918,203301878.0,35038113.0,145875861.0,145875861.0,145875861.0,0.0,2025-09-18
20250919,202701583.0,35226010.0,146982370.0,146982370.0,146982370.0,0.0,2025-09-19
20250920,202545371.0,35226010.0,147701563.0,147701563.0,147701563.0,0.0,2025-09-20
20250921,202545371.0,35226010.0,147701563.0,147701563.0,147701563.0,0.0,2025-09-21
20250922,203295608.0,37015419.0,148708031.0,148708031.0,148708031.0,0.0,2025-09-22
20250923,206608473.0,37389050.0,148122683.0,148122683.0,148122683.0,0.0,2025-09-23
20250924,208957162.0,37670442.0,148465547.0,148465547.0,148465547.0,0.0,2025-09-24
20250925,209298190.0,36003375.0,149399948.0,149399948.0,149399948.0,0.0,2025-09-25
20250926,207843217.0,37972773.0,151909220.0,151909220.0,151909220.0,0.0,2025-09-26
20250927,207334122.0,37972773.0,151993291.0,151993291.0,151993291.0,0.0,2025-09-27
20250928,207334122.0,37972773.0,151993291.0,151993291.0,151993291.0,0.0,2025-09-28
20250929,209281179.0,38841891.0,154167974.0,154167974.0,154167974.0,0.0,2025-09-29
20250930,214320867.0,38093039.0,155592311.0,155592311.0,155592311.0,0.0,2025-09-30
20251001,212739859.0,37909216.0,152935873.0,152935873.0,152935873.0,0.0,2025-10-01
20251002,211926958.0,37881154.0,153585861.0,153585861.0,153585861.0,0.0,2025-10-02
20251003,210385331.0,38318411.0,154113685.0,154113685.0,154113685.0,0.0,2025-10-03
20251004,210571553.0,38318411.0,154138196.0,154138196.0,154138196.0,0.0,2025-10-04
20251005,210539574.0,38318411.0,154138196.0,154138196.0,154138196.0,0.0,2025-10-05
20251006,210207493.0,39160716.0,154434764.0,154434764.0,154434764.0,0.0,2025-10-06
20251007,215084959.0,38996880.0,156543866.0,156543866.0,156543866.0,0.0,2025-10-07
20251008,212690801.0,39102735.0,152565814.0,152565814.0,152565814.0,0.0,2025-10-08
20251009,213142090.0,39456153.0,152346783.0,152346783.0,152346783.0,0.0,2025-10-09
20251010,213501911.0,39640073.0,153819260.0,153819260.0,153819260.0,0.0,2025-10-10
20251011,213857482.0,39640073.0,153969485.0,153969485.0,153969485.0,0.0,2025-10-11
20251012,213857482.0,39640073.0,153969485.0,153969485.0,153969485.0,0.0,2025-10-12
20251013,216715263.0,40473814.0,154442631.0,154442631.0,154442631.0,0.0,2025-10-13
20251014,218862475.0,40998337.0,155344668.0,155344668.0,155344668.0,0.0,2025-10-14
20251015,219134629.0,41227784.0,154074369.0,154074369.0,154074369.0,0.0,2025-10-15
20251016,217683411.0,39856601.0,152043466.0,152043466.0,152043466.0,0.0,2025-10-16
20251017,216142446.0,38900576.0,152192033.0,152192033.0,152192033.0,0.0,2025-10-17
20251018,216391524.0,38900576.0,152497162.0,152497162.0,152497162.0,0.0,2025-10-18
20251019,216391524.0,38900576.0,152497162.0,152497162.0,152497162.0,0.0,2025-10-19
20251020,217033413.0,39726127.0,152623167.0,152623167.0,152623167.0,0.0,2025-10-20
20251021,221421940.0,39451127.0,152340478.0,152340478.0,152340478.0,0.0,2025-10-21
20251022,220195060.0,39731024.0,148674235.0,148674235.0,148674235.0,0.0,2025-10-22
20251023,219133299.0,37689641.0,151154791.0,151154791.0,151154791.0,0.0,2025-10-23
20251024,217788756.0,38251234.0,152620050.0,152620050.0,152620050.0,0.0,2025-10-24
20251025,217469781.0,38251234.0,152937140.0,152937140.0,152937140.0,0.0,2025-10-25
20251026,217469781.0,38251234.0,152937140.0,152937140.0,152937140.0,0.0,2025-10-26
20251027,218930549.0,40375928.0,153424727.0,153424727.0,153424727.0,0.0,2025-10-27
20251028,222654873.0,39792639.0,154101249.0,154101249.0,154101249.0,0.0,2025-10-28
20251029,222971918.0,39958384.0,152769713.0,152769713.0,152769713.0,0.0,2025-10-29
20251030,221857348.0,37268058.0,153029651.0,153029651.0,153029651.0,0.0,2025-10-30
20251031,220824326.0,37870795.0,153341651.0,153341651.0,153341651.0,0.0,2025-10-31
20251101,220921135.0,37870795.0,153888688.0,153888688.0,153888688.0,0.0,2025-11-01
20251102,220921135.0,37870795.0,153888688.0,153888688.0,153888688.0,0.0,2025-11-02
20251103,221915398.0,39252152.0,154064482.0,154064482.0,154064482.0,0.0,2025-11-03
20251104,225062949.0,39109034.0,154490937.0,154490937.0,154490937.0,0.0,2025-11-04
20251105,222687418.0,39302609.0,152098214.0,152098214.0,152098214.0,0.0,2025-11-05
20251106,222225678.0,37681420.0,153095890.0,153095890.0,153095890.0,0.0,2025-11-06
20251107,222589109.0,37704260.0,155609735.0,155609735.0,155609735.0,0.0,2025-11-07
20251108,222178688.0,37704260.0,155786707.0,155786707.0,155786707.0,0.0,2025-11-08
20251109,222178688.0,37704260.0,155786707.0,155786707.0,155786707.0,0.0,2025-11-09
20251110,221996656.0,39655318.0,157186366.0,157186366.0,157186366.0,0.0,2025-11-10
20251111,227373795.0,38608437.0,157475527.0,157475527.0,157475527.0,0.0,2025-11-11
20251112,224834070.0,38331267.0,153863036.0,153863036.0,153863036.0,0.0,2025-11-12
20251113,224428981.0,35789746.0,153951472.0,153951472.0,153951472.0,0.0,2025-11-13
20251114,223558681.0,35730821.0,154690829.0,154690829.0,154690829.0,0.0,2025-11-14
20251115,223213437.0,35730821.0,154716402.0,154716402.0,154716402.0,0.0,2025-11-15
20251116,223213437.0,35730821.0,154716402.0,154716402.0,154716402.0,0.0,2025-11-16
20251117,225822308.0,37279035.0,156442180.0,156442180.0,156442180.0,0.0,2025-11-17
20251118,229311162.0,37628531.0,156944421.0,156944421.0,156944421.0,0.0,2025-11-18
20251119,228064839.0,39558483.0,154576260.0,154576260.0,154576260.0,0.0,2025-11-19
20251120,227483885.0,38149111.0,156931092.0,156931092.0,156931092.0,0.0,2025-11-20
20251121,226891079.0,38373698.0,158095754.0,158095754.0,158095754.0,0.0,2025-11-21
20251122,226972001.0,38373698.0,158340569.0,158340569.0,158340569.0,0.0,2025-11-22
20251123,226972001.0,38373698.0,158340569.0,158340569.0,158340569.0,0.0,2025-11-23
20251124,231394156.0,41203828.0,159923265.0,159923265.0,159923265.0,0.0,2025-11-24
20251125,233301878.0,41370297.0,161210484.0,161210484.0,161210484.0,0.0,2025-11-25
20251126,235498898.0,41714853.0,162441118.0,162441118.0,162441118.0,0.0,2025-11-26
20251127,232783897.0,40904230.0,162857932.0,162857932.0,162857932.0,0.0,2025-11-27
20251128,231209256.0,40929911.0,163855853.0,163855853.0,163855853.0,0.0,2025-11-28
20251129,231593980.0,40929911.0,164240100.0,164240100.0,164240100.0,0.0,2025-11-29
20251130,231593980.0,40929911.0,164240100.0,164240100.0,164240100.0,0.0,2025-11-30
20251201,231702423.0,42836145.0,164823009.0,164823009.0,164823009.0,0.0,2025-12-01
20251202,235710247.0,43541821.0,165983937.0,165983937.0,165983937.0,0.0,2025-12-02
20251203,237296937.0,43583490.0,164165883.0,164165883.0,164165883.0,0.0,2025-12-03
20251204,234705299.0,42039284.0,164384215.0,164384215.0,164384215.0,0.0,2025-12-04
20251205,234656244.0,41901477.0,166713171.0,166713171.0,166713171.0,0.0,2025-12-05
20251206,234627016.0,41901477.0,167389107.0,167389107.0,167389107.0,0.0,2025-12-06
20251207,234627016.0,41901477.0,167389107.0,167389107.0,167389107.0,0.0,2025-12-07
20251208,238020063.0,43965527.0,169342276.0,169342276.0,169342276.0,0.0,2025-12-08
20251209,240974777.0,43760892.0,169090733.0,169090733.0,169090733.0,0.0,2025-12-09
20251210,239956334.0,43734581.0,165631880.0,165631880.0,165631880.0,0.0,2025-12-10
20251211,238916241.0,42096848.0,165964014.0,165964014.0,165964014.0,0.0,2025-12-11
20251212,236594501.0,42109763.0,166855263.0,166855263.0,166855263.0,0.0,2025-12-12
20251213,237343715.0,42109763.0,167010524.0,167010524.0,167010524.0,0.0,2025-12-13
20251214,237343715.0,42109763.0,167010524.0,167010524.0,167010524.0,0.0,2025-12-14
20251215,239026500.0,44320022.0,167506373.0,167506373.0,167506373.0,0.0,2025-12-15
20251216,242170786.0,44499330.0,168763123.0,168763123.0,168763123.0,0.0,2025-12-16
20251217,243450286.0,44771605.0,167458896.0,167458896.0,167458896.0,0.0,2025-12-17
20251218,246401436.0,42963484.0,169210094.0,169210094.0,169210094.0,0.0,2025-12-18
20251219,246685214.0,42745994.0,172326920.0,172326920.0,172326920.0,0.0,2025-12-19
20251220,246617058.0,42745994.0,172413879.0,172413879.0,172413879.0,0.0,2025-12-20
20251221,246617058.0,42745994.0,172413879.0,172413879.0,172413879.0,0.0,2025-12-21
20251222,247752669.0,46266217.0,174220159.0,174220159.0,174220159.0,0.0,2025-12-22
20251223,247220448.0,46029697.0,174620649.0,174620649.0,174620649.0,0.0,2025-12-23
20251224,245249948.0,46131728.0,172930748.0,172930748.0,172930748.0,0.0,2025-12-24
20251225,245983403.0,45402159.0,174923980.0,174923980.0,174923980.0,0.0,2025-12-25
20251226,247099109.0,45137691.0,176725665.0,176725665.0,176725665.0,0.0,2025-12-26
20251227,247136948.0,45137691.0,176725665.0,176725665.0,176725665.0,0.0,2025-12-27
20251228,247136948.0,45137691.0,176725665.0,176725665.0,176725665.0,0.0,2025-12-28
20251229,250118135.0,47168951.0,177086845.0,177086845.0,177086845.0,0.0,2025-12-29
20251230,253135796.0,44045829.0,177529667.0,177529667.0,177529667.0,0.0,2025-12-30
20251231,248198756.0,45199698.0,176064665.0,176064665.0,176064665.0,0.0,2025-12-31
20260101,249234766.0,45520693.0,176751178.0,176751178.0,176751178.0,0.0,2026-01-01
20260102,249001675.0,45554778.0,176829238.0,176829238.0,176829238.0,0.0,2026-01-02
20260103,249020093.0,45554778.0,176814248.0,176814248.0,176814248.0,0.0,2026-01-03
20260104,249020093.0,45554778.0,176814248.0,176814248.0,176814248.0,0.0,2026-01-04
20260105,253666617.0,47467581.0,178210771.0,178210771.0,178210771.0,0.0,2026-01-05
20260106,258950921.0,47537945.0,179210520.0,179210520.0,179210520.0,0.0,2026-01-06
20260107,257292227.0,48394391.0,175706346.0,175706346.0,175706346.0,0.0,2026-01-07
20260108,257394182.0,47300086.0,177218068.0,177218068.0,177218068.0,0.0,2026-01-08
20260109,257612332.0,46503712.0,178174021.0,177879878.0,178174021.0,0.0,2026-01-09
20260110,257936768.0,46503712.0,178231829.0,177937686.0,178231829.0,0.0,2026-01-10
20260111,257936768.0,46503712.0,178231829.0,177937686.0,178231829.0,0.0,2026-01-11
20260112,259749792.0,48130206.0,179820474.0,179820474.0,179820474.0,0.0,2026-01-12
20260113,263715532.0,49378238.0,180251171.0,180251171.0,180251171.0,0.0,2026-01-13
20260114,265029810.0,49301848.0,178907295.0,178907295.0,178907295.0,0.0,2026-01-14
20260115,266420857.0,47480200.0,178204833.0,178204833.0,178204833.0,0.0,2026-01-15
20260116,265100490.0,47340263.0,179949320.0,179949320.0,179949320.0,0.0,2026-01-16
20260117,265311276.0,47340263.0,180302135.0,180302135.0,180302135.0,0.0,2026-01-17
20260118,265311276.0,47340263.0,180302135.0,180302135.0,180302135.0,0.0,2026-01-18
20260119,266793077.0,49840970.0,180440485.0,180440485.0,180440485.0,0.0,2026-01-19
20260120,270335471.0,49598408.0,179832939.0,179832939.0,179832939.0,0.0,2026-01-20
20260121,272664845.0,49889128.0,179333333.0,179333333.0,179333333.0,0.0,2026-01-21
20260122,269707964.0,48906488.0,179957907.0,179957907.0,179957907.0,0.0,2026-01-22
20260123,268089500.0,49076626.0,180200101.0,180159684.0,180200101.0,0.0,2026-01-23
20260124,267730776.0,49076626.0,180541844.0,180501427.0,180541844.0,0.0,2026-01-24
20260125,267730776.0,49076626.0,180541844.0,180501427.0,180541844.0,0.0,2026-01-25
20260126,269086862.0,51060744.0,181186649.0,181186649.0,181186649.0,0.0,2026-01-26
20260127,273977191.0,51566097.0,181063087.0,181063087.0,181063087.0,0.0,2026-01-27
20260128,272150348.0,51215367.0,180051979.0,180051979.0,180051979.0,0.0,2026-01-28
20260129,271034054.0,50553186.0,180454297.0,180454297.0,180454297.0,0.0,2026-01-29
20260130,271094866.0,50997072.0,180397135.0,180397135.0,180397135.0,0.0,2026-01-30
20260131,271146281.0,50997072.0,180252291.0,180252291.0,180252291.0,0.0,2026-01-31
20260201,271146281.0,50997072.0,180252291.0,180252291.0,180252291.0,0.0,2026-02-01
20260202,273954528.0,52109401.0,180378618.0,180378618.0,180378618.0,0.0,2026-02-02
20260203,276482999.0,52416479.0,181678737.0,181678737.0,181678737.0,0.0,2026-02-03
20260204,275684676.0,52345863.0,180502758.0,180502758.0,180502758.0,0.0,2026-02-04
20260205,273956905.0,50279613.0,180204571.0,180204571.0,180204571.0,0.0,2026-02-05
20260206,272553690.0,49984856.0,183192922.0,183192922.0,183192922.0,0.0,2026-02-06
20260207,273351803.0,49984856.0,183639575.0,183639575.0,183639575.0,0.0,2026-02-07
20260208,273351803.0,49984856.0,183639575.0,183639575.0,183639575.0,0.0,2026-02-08
20260209,274906554.0,53785682.0,185985224.0,185948551.0,185985224.0,0.0,2026-02-09
20260210,277920977.0,54060255.0,187887365.0,187887365.0,187887365.0,0.0,2026-02-10
20260211,278523211.0,54204390.0,186799139.0,186799139.0,186799139.0,0.0,2026-02-11
20260212,279258342.0,50624564.0,189001539.0,189001539.0,189001539.0,0.0,2026-02-12
20260213,276696391.0,50741218.0,191236090.0,191102601.0,191236090.0,0.0,2026-02-13
20260214,276752284.0,50741218.0,191267561.0,191134073.0,191267561.0,0.0,2026-02-14
20260215,276752284.0,50741218.0,191267561.0,191134073.0,191267561.0,0.0,2026-02-15
20260216,278049707.0,51690162.0,190757378.0,190757378.0,190757378.0,0.0,2026-02-16
20260217,280348560.0,51770523.0,192038657.0,192038657.0,192038657.0,0.0,2026-02-17
20260218,282101975.0,51887125.0,191965880.0,191965880.0,191965880.0,0.0,2026-02-18
20260219,283889673.0,51741131.0,192276655.0,192276655.0,192276655.0,0.0,2026-02-19
20260220,282380794.0,51673274.0,192581433.0,192581433.0,192581433.0,0.0,2026-02-20
20260221,282763036.0,51673274.0,192645877.0,192645877.0,192645877.0,0.0,2026-02-21
20260222,282763036.0,51673274.0,192645877.0,192645877.0,192645877.0,0.0,2026-02-22
20260223,283889594.0,52019073.0,192864638.0,192864638.0,192864638.0,0.0,2026-02-23
20260224,287836796.0,55355662.0,193229818.0,193229818.0,193229818.0,0.0,2026-02-24
20260225,289298046.0,55550395.0,191047531.0,191047531.0,191047531.0,0.0,2026-02-25
20260226,289108170.0,53987180.0,192613841.0,192613841.0,192613841.0,0.0,2026-02-26
20260227,285962247.0,53783586.0,193419064.0,193419064.0,193419064.0,0.0,2026-02-27
20260228,285830397.0,53783586.0,194232063.0,194232063.0,194232063.0,0.0,2026-02-28
20260301,285830397.0,53783586.0,194232063.0,194232063.0,194232063.0,0.0,2026-03-01
20260302,290748319.0,55128320.0,197368131.0,197368131.0,197368131.0,0.0,2026-03-02
20260303,293481889.0,55933728.0,197713322.0,197713322.0,197713322.0,0.0,2026-03-03
20260304,294241845.0,55713436.0,196525465.0,196525465.0,196525465.0,0.0,2026-03-04
20260305,293101445.0,54240773.0,196261386.0,196261386.0,196261386.0,0.0,2026-03-05
20260306,290525802.0,54049949.0,197641478.0,197641478.0,197641478.0,0.0,2026-03-06
20260307,290786943.0,54049949.0,197944002.0,197944002.0,197944002.0,0.0,2026-03-07
20260308,290710295.0,54049949.0,197944002.0,197944002.0,197944002.0,0.0,2026-03-08
20260309,292749292.0,55203674.0,199018423.0,199018423.0,199018423.0,0.0,2026-03-09
20260310,298277733.0,55263170.0,199765390.0,199765390.0,199765390.0,0.0,2026-03-10
20260311,296966406.0,55245194.0,199319376.0,199319376.0,199319376.0,0.0,2026-03-11
20260312,296726689.0,52766272.0,198758393.0,198758393.0,198758393.0,0.0,2026-03-12
20260313,294018660.0,53282977.0,199173814.0,199173814.0,199173814.0,0.0,2026-03-13
20260314,294106401.0,53282977.0,199120840.0,199120840.0,199120840.0,0.0,2026-03-14
20260315,294106401.0,53282977.0,199120840.0,199120840.0,199120840.0,0.0,2026-03-15
20260316,298337818.0,55040029.0,202332494.0,202332494.0,202332494.0,0.0,2026-03-16
20260317,302056612.0,57678782.0,202898986.0,202898986.0,202898986.0,0.0,2026-03-17
20260318,303712487.0,57943895.0,200095804.0,200095804.0,200095804.0,0.0,2026-03-18
20260319,303975063.0,57401082.0,199871382.0,199871382.0,199871382.0,0.0,2026-03-19
20260320,300617488.0,57313759.0,200557599.0,200557599.0,200557599.0,0.0,2026-03-20
20260321,300659783.0,57313759.0,201388837.0,201388837.0,201388837.0,0.0,2026-03-21
20260322,300659783.0,57313759.0,201388837.0,201388837.0,201388837.0,0.0,2026-03-22
20260323,302650098.0,57762724.0,201138259.0,201138259.0,201138259.0,0.0,2026-03-23
20260324,306214158.0,57312042.0,201606663.0,201606663.0,201606663.0,0.0,2026-03-24
20260325,307599119.0,57553123.0,200429654.0,200429654.0,200429654.0,0.0,2026-03-25
20260326,306046691.0,55730135.0,201763206.0,201763206.0,201763206.0,0.0,2026-03-26
20260327,304769935.0,55737390.0,203105894.0,202881272.0,203105894.0,0.0,2026-03-27
20260328,305799712.0,55737390.0,203148501.0,202923878.0,203148501.0,0.0,2026-03-28
20260329,305799712.0,55737390.0,203148501.0,202923878.0,203148501.0,0.0,2026-03-29
20260330,307667601.0,58995546.0,204341091.0,204341091.0,204341091.0,0.0,2026-03-30
20260331,310355960.0,58133033.0,205248055.0,205248055.0,205248055.0,0.0,2026-03-31
20260401,313903166.0,58628902.0,206173069.0,206173069.0,206173069.0,0.0,2026-04-01
20260402,313384966.0,57074060.0,206598897.0,206598897.0,206598897.0,0.0,2026-04-02
20260403,311621806.0,58012782.0,207772890.0,207772890.0,207772890.0,0.0,2026-04-03
20260404,311336748.0,58012782.0,207772890.0,207772890.0,207772890.0,0.0,2026-04-04
20260405,311336748.0,58012782.0,207772890.0,207772890.0,207772890.0,0.0,2026-04-05
20260406,312380375.0,58302167.0,207655912.0,207655912.0,207655912.0,0.0,2026-04-06
20260407,314267734.0,58867207.0,208397467.0,208397467.0,208397467.0,0.0,2026-04-07
20260408,315632926.0,60415809.0,208969102.0,208969102.0,208969102.0,0.0,2026-04-08
20260409,316811537.0,59062539.0,210040911.0,210040911.0,210040911.0,0.0,2026-04-09
20260410,317294172.0,58671023.0,210294529.0,210294529.0,210294529.0,0.0,2026-04-10
20260411,317008661.0,58671023.0,210231724.0,210231724.0,210231724.0,0.0,2026-04-11
20260412,317027614.0,58671023.0,210231724.0,210231724.0,210231724.0,0.0,2026-04-12
20260413,320436131.0,61951631.0,211327989.0,211327989.0,211327989.0,0.0,2026-04-13
20260414,323747077.0,61622209.0,212831480.0,212831480.0,212831480.0,0.0,2026-04-14
20260415,323359064.0,61849071.0,209212364.0,209212364.0,209212364.0,0.0,2026-04-15
20260416,323512655.0,61357199.0,208841250.0,208841250.0,208841250.0,0.0,2026-04-16
20260417,322315222.0,62334345.0,208983215.0,208983215.0,208983215.0,0.0,2026-04-17
20260418,322246866.0,62334345.0,209121976.0,209121976.0,209121976.0,0.0,2026-04-18
20260419,322246866.0,62334345.0,209121976.0,209121976.0,209121976.0,0.0,2026-04-19
20260420,324750396.0,64475242.0,209688115.0,209688115.0,209688115.0,0.0,2026-04-20
20260421,333298264.0,64203734.0,210266889.0,210266889.0,210266889.0,0.0,2026-04-21
20260422,332211046.0,63999305.0,208321177.0,208321177.0,208321177.0,0.0,2026-04-22
20260423,330947560.0,63152974.0,208178375.0,208178375.0,208178375.0,0.0,2026-04-23
20260424,329939803.0,62540587.0,209132145.0,209132145.0,209132145.0,0.0,2026-04-24
20260425,329984689.0,62540587.0,209327086.0,209327086.0,209327086.0,0.0,2026-04-25
20260426,329984689.0,62540587.0,209327086.0,209327086.0,209327086.0,0.0,2026-04-26
20260427,332853056.0,65066196.0,210732523.0,210732523.0,210732523.0,0.0,2026-04-27
20260428,334149746.0,65265741.0,211798725.0,211798725.0,211798725.0,0.0,2026-04-28
20260429,334458431.0,65629542.0,211820673.0,211820673.0,211820673.0,0.0,2026-04-29
20260430,334292911.0,61609249.0,212404216.0,212404216.0,212404216.0,0.0,2026-04-30
20260501,332785926.0,61689013.0,212620518.0,212620518.0,212620518.0,0.0,2026-05-01
20260502,332608452.0,61689013.0,212622789.0,212622789.0,212622789.0,0.0,2026-05-02
20260503,332608452.0,61689013.0,212622789.0,212622789.0,212622789.0,0.0,2026-05-03
20260504,335108222.0,61995982.0,213784394.0,213784394.0,213784394.0,0.0,2026-05-04
20260505,339106450.0,62096991.0,215098040.0,215098040.0,215098040.0,0.0,2026-05-05
20260506,341031824.0,64263755.0,212661163.0,212661163.0,212661163.0,0.0,2026-05-06
20260507,340827370.0,60973429.0,211945448.0,211945448.0,211945448.0,0.0,2026-05-07
20260508,338093061.0,61358241.0,213533357.0,213533357.0,213533357.0,0.0,2026-05-08
20260509,338297140.0,61358241.0,213830077.0,213830077.0,213830077.0,0.0,2026-05-09
20260510,338297140.0,61358241.0,213830077.0,213830077.0,213830077.0,0.0,2026-05-10
20260511,337434639.0,63797837.0,214532315.0,214532315.0,214532315.0,0.0,2026-05-11
20260512,342793917.0,63900352.0,214539351.0,214539351.0,214539351.0,0.0,2026-05-12
20260513,340702021.0,63624554.0,212236018.0,211938707.0,212236018.0,0.0,2026-05-13
20260514,340265636.0,62255308.0,212564216.0,212266201.0,212564216.0,0.0,2026-05-14
20260515,340014587.0,62532022.0,214132424.0,214132424.0,214132424.0,0.0,2026-05-15
20260516,340161336.0,62532022.0,213554172.0,213554172.0,213554172.0,0.0,2026-05-16
20260517,340161336.0,62532022.0,213554172.0,213554172.0,213554172.0,0.0,2026-05-17
20260518,344948023.0,64383078.0,214654257.0,214654257.0,214654257.0,0.0,2026-05-18
20260519,349386288.0,64394259.0,215600267.0,215600267.0,215600267.0,0.0,2026-05-19
20260520,351760724.0,64902102.0,215808450.0,215808450.0,215808450.0,0.0,2026-05-20
20260521,349254341.0,63352540.0,216033477.0,216033477.0,216033477.0,0.0,2026-05-21
20260522,346514732.0,63797673.0,217309224.0,217309224.0,217309224.0,0.0,2026-05-22
20260523,346623601.0,63797673.0,217469368.0,217469368.0,217469368.0,0.0,2026-05-23
20260524,346623601.0,63797673.0,217469368.0,217469368.0,217469368.0,0.0,2026-05-24
20260525,347464767.0,65323955.0,217381130.0,217381130.0,217381130.0,0.0,2026-05-25
20260526,347945187.0,65476853.0,219377354.0,219377354.0,219377354.0,0.0,2026-05-26
20260527,351275085.0,66196118.0,219613210.0,219613210.0,219613210.0,0.0,2026-05-27
20260528,356151237.0,64675048.0,219821500.0,219821500.0,219821500.0,0.0,2026-05-28
20260529,355781505.0,64088934.0,220803918.0,220803918.0,220803918.0,0.0,2026-05-29
20260530,355796942.0,64088934.0,220811641.0,220811641.0,220811641.0,0.0,2026-05-30
20260531,355796942.0,64088934.0,220811641.0,220811641.0,220811641.0,0.0,2026-05-31
20260601,356603276.0,65663076.0,221587522.0,221587522.0,221587522.0,0.0,2026-06-01
20260602,364626389.0,66984830.0,221773251.0,221773251.0,221773251.0,0.0,2026-06-02
20260603,363501624.0,67041909.0,218357074.0,218357074.0,218357074.0,0.0,2026-06-03
20260604,365171018.0,65509559.0,218070981.0,218070981.0,218070981.0,0.0,2026-06-04
20260605,364394426.0,65138782.0,219290636.0,219290636.0,219290636.0,0.0,2026-06-05
20260606,364382729.0,65138782.0,219356148.0,219356148.0,219356148.0,0.0,2026-06-06
20260607,364382729.0,65138782.0,219356148.0,219356148.0,219356148.0,0.0,2026-06-07
20260608,366591726.0,67507826.0,219453256.0,219453256.0,219453256.0,0.0,2026-06-08
20260609,370160318.0,66943633.0,219855971.0,219855971.0,219855971.0,0.0,2026-06-09
20260610,365183648.0,66390887.0,214477659.0,214477659.0,214477659.0,0.0,2026-06-10
20260611,367198487.0,65439892.0,215343302.0,215343302.0,215343302.0,0.0,2026-06-11
20260612,365630015.0,65846827.0,215931435.0,215931435.0,215931435.0,0.0,2026-06-12
20260613,367070530.0,65846827.0,216126938.0,216126938.0,216126938.0,0.0,2026-06-13
20260614,367070530.0,65846827.0,216126938.0,216126938.0,216126938.0,0.0,2026-06-14
20260615,369485993.0,66819544.0,216099647.0,216099647.0,216099647.0,0.0,2026-06-15
20260616,373479118.0,67110674.0,217861713.0,217861713.0,217861713.0,0.0,2026-06-16
20260617,373414550.0,67616858.0,214983785.0,214983785.0,214983785.0,0.0,2026-06-17
20260618,371662286.0,64947137.0,215405882.0,215405882.0,215405882.0,0.0,2026-06-18
20260619,369471615.0,65071151.0,215429593.0,215429593.0,215429593.0,0.0,2026-06-19
20260620,369543883.0,65071151.0,215348888.0,215348888.0,215348888.0,0.0,2026-06-20
20260621,369543883.0,65071151.0,215348888.0,215348888.0,215348888.0,0.0,2026-06-21
20260622,373881922.0,66451244.0,216876599.0,216876599.0,216876599.0,0.0,2026-06-22
20260623,380642263.0,66245886.0,217982856.0,217982856.0,217982856.0,0.0,2026-06-23
20260624,381842410.0,66575009.0,215335250.0,215335250.0,215335250.0,0.0,2026-06-24
20260625,379285771.0,64901175.0,215355466.0,215355466.0,215355466.0,0.0,2026-06-25
20260626,377099255.0,65414192.0,216731158.0,216731158.0,216731158.0,0.0,2026-06-26
20260627,376612944.0,65414192.0,217088080.0,217088080.0,217088080.0,0.0,2026-06-27
20260628,376612944.0,65414192.0,217088080.0,217088080.0,217088080.0,0.0,2026-06-28
20260629,378372297.0,66515700.0,218200251.0,218200251.0,218200251.0,0.0,2026-06-29
20260630,382679643.0,66616799.0,218772442.0,218772442.0,218772442.0,0.0,2026-06-30
20260701,384000208.0,68203001.0,216898728.0,216898728.0,216898728.0,0.0,2026-07-01
20260702,383043905.0,67124678.0,218569212.0,218569212.0,218569212.0,0.0,2026-07-02
20260703,382035363.0,67825939.0,219799336.0,219740228.0,219799336.0,0.0,2026-07-03
20260704,382155908.0,67825939.0,219874565.0,219785194.0,219874565.0,0.0,2026-07-04
20260705,382155908.0,67825939.0,219874565.0,219785194.0,219874565.0,0.0,2026-07-05
20260706,385793464.0,69246229.0,221365489.0,221365489.0,221365489.0,0.0,2026-07-06
20260707,389587404.0,69452333.0,223372688.0,223372688.0,223372688.0,0.0,2026-07-07
20260708,390542484.0,69371345.0,223052902.0,223052902.0,223052902.0,0.0,2026-07-08
20260709,389545521.0,64646688.0,223541800.0,223541800.0,223541800.0,0.0,2026-07-09
20260710,387663096.0,64764471.0,223457422.0,223457422.0,223457422.0,0.0,2026-07-10
20260711,386885716.0,64764471.0,224137016.0,224137016.0,224137016.0,0.0,2026-07-11
20260712,386885716.0,64764471.0,224137016.0,224137016.0,224137016.0,0.0,2026-07-12
20260713,390454060.0,66454871.0,224989348.0,224989348.0,224989348.0,0.0,2026-07-13
20260714,393191134.0,66587890.0,225905809.0,225905809.0,225905809.0,0.0,2026-07-14
20260715,394888686.0,67440616.0,223067760.0,223067760.0,223067760.0,0.0,2026-07-15
20260716,395139942.0,66223807.0,223433221.0,223433221.0,223433221.0,0.0,2026-07-16
20260717,395015568.0,66297470.0,225083577.0,225083577.0,225083577.0,0.0,2026-07-17
20260718,395303168.0,66297470.0,225192246.0,225192246.0,225192246.0,0.0,2026-07-18
20260719,395303168.0,66297470.0,225192246.0,225192246.0,225192246.0,0.0,2026-07-19
20260720,401588171.0,68619116.0,227508429.0,227508429.0,227508429.0,0.0,2026-07-20
20260721,404544941.0,68769608.0,227910590.0,227910590.0,227910590.0,0.0,2026-07-21
20260722,406570925.0,69510190.0,226157089.0,226157089.0,226157089.0,0.0,2026-07-22
20260723,404133790.0,68914235.0,226606167.0,226606167.0,226606167.0,0.0,2026-07-23
20260724,402054350.0,69094530.0,228235474.0,228235474.0,228235474.0,0.0,2026-07-24
20260725,402244929.0,69094530.0,228431789.0,228431789.0,228431789.0,0.0,2026-07-25
20260726,402119899.0,69094530.0,228431789.0,228431789.0,228431789.0,0.0,2026-07-26
20260727,403955163.0,70580746.0,230154827.0,230154827.0,230154827.0,0.0,2026-07-27
20260728,407335403.0,69236976.0,230718479.0,230718479.0,230718479.0,0.0,2026-07-28
20260729,406139514.0,68873282.0,227458277.0,227458277.0,227458277.0,0.0,2026-07-29
20260730,404055635.0,67520392.0,228273149.0,228273149.0,228273149.0,0.0,2026-07-30
20260731,403762850.0,67727354.0,228609525.0,228609525.0,228609525.0,0.0,2026-07-31
20260801,404996044.0,67727354.0,229164788.0,229164788.0,229164788.0,0.0,2026-08-01
20260802,404996044.0,67727354.0,229164788.0,229164788.0,229164788.0,0.0,2026-08-02
20260803,406867058.0,72523515.0,229568728.0,229568728.0,229568728.0,0.0,2026-08-03
20260804,409999173.0,72050560.0,230064524.0,230064524.0,230064524.0,0.0,2026-08-04
20260805,410879303.0,71962088.0,228358677.0,228358677.0,228358677.0,0.0,2026-08-05
20260806,409740015.0,69355964.0,229176915.0,229176915.0,229176915.0,0.0,2026-08-06
20260807,408451854.0,69636874.0,229806787.0,229806787.0,229806787.0,0.0,2026-08-07
20260808,409352842.0,69636874.0,230002585.0,230002585.0,230002585.0,0.0,2026-08-08
20260809,409352842.0,69636874.0,230002585.0,230002585.0,230002585.0,0.0,2026-08-09
20260810,409108791.0,72165159.0,230233833.0,230233833.0,230233833.0,0.0,2026-08-10
20260811,415762349.0,72151801.0,231190491.0,231190491.0,231190491.0,0.0,2026-08-11
20260812,415642937.0,73860206.0,229350050.0,229350050.0,229350050.0,0.0,2026-08-12
20260813,416696246.0,71305427.0,230557035.0,230557035.0,230557035.0,0.0,2026-08-13
20260814,414639116.0,70792251.0,232262352.0,232262352.0,232262352.0,0.0,2026-08-14
20260815,414386220.0,70792251.0,232741976.0,232741976.0,232741976.0,0.0,2026-08-15
20260816,414386220.0,70792251.0,232741976.0,232741976.0,232741976.0,0.0,2026-08-16
20260817,416726445.0,72873970.0,232318401.0,232318401.0,232318401.0,0.0,2026-08-17
20260818,422957915.0,73206264.0,233439797.0,233439797.0,233439797.0,0.0,2026-08-18
20260819,418626415.0,73757057.0,230789889.0,230789889.0,230789889.0,0.0,2026-08-19
20260820,419580073.0,71944792.0,232151174.0,232151174.0,232151174.0,0.0,2026-08-20
20260821,417406172.0,71648444.0,232740275.0,232740275.0,232740275.0,0.0,2026-08-21
20260822,417402275.0,71648444.0,233129879.0,233129879.0,233129879.0,0.0,2026-08-22
20260823,417402275.0,71648444.0,233129879.0,233129879.0,233129879.0,0.0,2026-08-23
20260824,420102762.0,74152615.0,235867869.0,235867869.0,235867869.0,0.0,2026-08-24
20260825,424954442.0,75790146.0,238286090.0,238286090.0,238286090.0,0.0,2026-08-25
20260826,422437397.0,75883140.0,237105492.0,237105492.0,237105492.0,0.0,2026-08-26
20260827,420748729.0,73903015.0,237610506.0,237610506.0,237610506.0,0.0,2026-08-27
20260828,419600600.0,73950239.0,238757252.0,238757252.0,238757252.0,0.0,2026-08-28
20260829,418996673.0,73950239.0,238861609.0,238861609.0,238861609.0,0.0,2026-08-29
20260830,418996673.0,73950239.0,238861609.0,238861609.0,238861609.0,0.0,2026-08-30
20260831,424450068.0,75424035.0,239400394.0,239400394.0,239400394.0,0.0,2026-08-31
20260901,429868423.0,75926941.0,241720753.0,241720753.0,241720753.0,0.0,2026-09-01
20260902,432397875.0,76409370.0,240444619.0,240444619.0,240444619.0,0.0,2026-09-02
20260903,431805700.0,73906926.0,240501772.0,240501772.0,240501772.0,0.0,2026-09-03
20260904,427954741.0,73876544.0,240774005.0,240774005.0,240774005.0,0.0,2026-09-04
20260905,428257843.0,73876544.0,241098413.0,241098413.0,241098413.0,0.0,2026-09-05
20260906,428257843.0,73876544.0,241098413.0,241098413.0,241098413.0,0.0,2026-09-06
20260907,429513008.0,76363213.0,241780247.0,241780247.0,241780247.0,0.0,2026-09-07
20260908,432213594.0,76478277.0,241978210.0,241978210.0,241978210.0,0.0,2026-09-08
20260909,434049879.0,77336702.0,241066892.0,241066892.0,241066892.0,0.0,2026-09-09
20260910,436044649.0,74323060.0,242015684.0,242015684.0,242015684.0,0.0,2026-09-10
20260911,436015370.0,73891037.0,242670250.0,242557703.0,242670250.0,0.0,2026-09-11
20260912,436206568.0,73891037.0,243025769.0,242913221.0,243025769.0,0.0,2026-09-12
20260913,436206568.0,73891037.0,243025769.0,242913221.0,243025769.0,0.0,2026-09-13
20260914,439592646.0,76963620.0,242632462.0,242632462.0,242632462.0,0.0,2026-09-14
20260915,443791331.0,76903436.0,242351047.0,242351047.0,242351047.0,0.0,2026-09-15
20260916,441957567.0,77268872.0,240105867.0,240105867.0,240105867.0,0.0,2026-09-16
20260917,444145218.0,74159993.0,240305025.0,240305025.0,240305025.0,0.0,2026-09-17
20260918,439870559.0,74216806.0,240622263.0,240622263.0,240622263.0,0.0,2026-09-18
20260919,439294471.0,74216806.0,241753790.0,241753790.0,241753790.0,0.0,2026-09-19
20260920,439287346.0,74216806.0,241753790.0,241753790.0,241753790.0,0.0,2026-09-20
20260921,441047927.0,76173687.0,243202224.0,243202224.0,243202224.0,0.0,2026-09-21
20260922,445399819.0,76535581.0,243810454.0,243810454.0,243810454.0,0.0,2026-09-22
20260923,444699086.0,76431711.0,241599588.0,241599588.0,241599588.0,0.0,2026-09-23
20260924,440936234.0,75784935.0,242836688.0,242836688.0,242836688.0,0.0,2026-09-24
20260925,440360715.0,76104508.0,244195234.0,244195234.0,244195234.0,0.0,2026-09-25
20260926,440070027.0,76104508.0,244321293.0,244321293.0,244321293.0,0.0,2026-09-26
20260927,440070027.0,76104508.0,244321293.0,244321293.0,244321293.0,0.0,2026-09-27
20260928,442679551.0,79085715.0,243966204.0,243966204.0,243966204.0,0.0,2026-09-28
20260929,446089093.0,77066004.0,243460499.0,243460499.0,243460499.0,0.0,2026-09-29
20260930,445357094.0,76536209.0,240514882.0,240275446.0,240514882.0,0.0,2026-09-30
