entity_id,entity_name,functional_currency,currency_code,as_of_date_id,net_sgd,position,as_of_date
E01,Group Treasury HQ,SGD,CNY,20260901,-3760471.0,SHORT,2026-09-01
E01,Group Treasury HQ,SGD,EUR,20260901,1205869.0,LONG,2026-09-01
E01,Group Treasury HQ,SGD,GBP,20260901,40075.0,LONG,2026-09-01
E01,Group Treasury HQ,SGD,USD,20260901,1337291.0,LONG,2026-09-01
E02,SG Operations,SGD,CNY,20260901,-12265940.0,SHORT,2026-09-01
E02,SG Operations,SGD,EUR,20260901,6297922.0,LONG,2026-09-01
E02,SG Operations,SGD,GBP,20260901,-145085.0,SHORT,2026-09-01
E02,SG Operations,SGD,USD,20260901,9511822.0,LONG,2026-09-01
E03,Shanghai Mfg,CNY,EUR,20260901,-1114612.0,SHORT,2026-09-01
E03,Shanghai Mfg,CNY,GBP,20260901,-158197.0,SHORT,2026-09-01
E03,Shanghai Mfg,CNY,SGD,20260901,-403397.0,SHORT,2026-09-01
E03,Shanghai Mfg,CNY,USD,20260901,3947615.0,LONG,2026-09-01
E04,Shenzhen Sourcing,CNY,EUR,20260901,-1123986.0,SHORT,2026-09-01
E04,Shenzhen Sourcing,CNY,GBP,20260901,-557958.0,SHORT,2026-09-01
E04,Shenzhen Sourcing,CNY,SGD,20260901,1555179.0,LONG,2026-09-01
E04,Shenzhen Sourcing,CNY,USD,20260901,1324046.0,LONG,2026-09-01
E05,India Services,INR,CNY,20260901,-418168.0,SHORT,2026-09-01
E05,India Services,INR,EUR,20260901,-171194.0,SHORT,2026-09-01
E05,India Services,INR,GBP,20260901,-191303.0,SHORT,2026-09-01
E05,India Services,INR,SGD,20260901,52717.0,LONG,2026-09-01
E05,India Services,INR,USD,20260901,6025388.0,LONG,2026-09-01
E06,Germany GmbH,EUR,CNY,20260901,-1719788.0,SHORT,2026-09-01
E06,Germany GmbH,EUR,GBP,20260901,-1636844.0,SHORT,2026-09-01
E06,Germany GmbH,EUR,SGD,20260901,1294504.0,LONG,2026-09-01
E06,Germany GmbH,EUR,USD,20260901,4070504.0,LONG,2026-09-01
E07,Germany Sales Office,EUR,CNY,20260901,-480639.0,SHORT,2026-09-01
E07,Germany Sales Office,EUR,GBP,20260901,276817.0,LONG,2026-09-01
E07,Germany Sales Office,EUR,SGD,20260901,181229.0,LONG,2026-09-01
E07,Germany Sales Office,EUR,USD,20260901,2875805.0,LONG,2026-09-01
E08,Netherlands BV,EUR,CNY,20260901,-1595686.0,SHORT,2026-09-01
E08,Netherlands BV,EUR,GBP,20260901,69348.0,LONG,2026-09-01
E08,Netherlands BV,EUR,SGD,20260901,182413.0,LONG,2026-09-01
E08,Netherlands BV,EUR,USD,20260901,5917703.0,LONG,2026-09-01
E09,UK Ltd,GBP,CNY,20260901,-1619562.0,SHORT,2026-09-01
E09,UK Ltd,GBP,EUR,20260901,4119733.0,LONG,2026-09-01
E09,UK Ltd,GBP,SGD,20260901,2209084.0,LONG,2026-09-01
E09,UK Ltd,GBP,USD,20260901,11542520.0,LONG,2026-09-01
E10,US Inc,USD,CNY,20260901,-8626825.0,SHORT,2026-09-01
E10,US Inc,USD,EUR,20260901,7394201.0,LONG,2026-09-01
E10,US Inc,USD,GBP,20260901,697548.0,LONG,2026-09-01
E10,US Inc,USD,SGD,20260901,301823.0,LONG,2026-09-01
E11,US West Distribution,USD,CNY,20260901,-1609761.0,SHORT,2026-09-01
E11,US West Distribution,USD,EUR,20260901,2218179.0,LONG,2026-09-01
E11,US West Distribution,USD,GBP,20260901,-180269.0,SHORT,2026-09-01
E11,US West Distribution,USD,SGD,20260901,-240734.0,SHORT,2026-09-01
