month,month_start,n_payments,value_sgd_m,inflow_sgd_m,outflow_sgd_m,net_inflow_sgd_m
2024-10,2024-10-01,3967,102.4,53.9,48.5,5.3
2024-11,2024-11-01,3719,113.1,61.7,51.4,10.4
2024-12,2024-12-01,4026,125.2,69.2,56.1,13.1
2025-01,2025-01-01,4053,127.7,65.0,62.7,2.3
2025-02,2025-02-01,3750,107.6,58.2,49.4,8.7
2025-03,2025-03-01,3964,112.1,62.0,50.2,11.8
2025-04,2025-04-01,4314,130.3,67.0,63.3,3.8
2025-05,2025-05-01,3886,112.0,57.9,54.1,3.8
2025-06,2025-06-01,3995,115.4,64.5,50.9,13.6
2025-07,2025-07-01,4590,135.3,67.1,68.2,-1.1
2025-08,2025-08-01,3995,120.7,65.8,54.9,10.9
2025-09,2025-09-01,4556,146.7,81.0,65.7,15.4
2025-10,2025-10-01,4391,138.3,72.3,66.0,6.3
2025-11,2025-11-01,3826,114.4,59.1,55.3,3.8
2025-12,2025-12-01,4722,156.8,85.1,71.6,13.5
2026-01,2026-01-01,4063,123.8,74.4,49.4,25.0
2026-02,2026-02-01,3798,119.9,62.8,57.1,5.8
2026-03,2026-03-01,4564,147.4,85.0,62.5,22.5
2026-04,2026-04-01,4441,143.5,77.6,65.9,11.7
2026-05,2026-05-01,4041,133.3,75.1,58.2,17.0
2026-06,2026-06-01,4684,151.9,92.8,59.1,33.7
2026-07,2026-07-01,4688,149.4,78.8,70.6,8.2
2026-08,2026-08-01,4575,151.4,83.7,67.7,16.0
2026-09,2026-09-01,4532,155.6,84.8,70.9,13.9
