day_of_week,weekday,entity_id,entity_name,currency_code,n_days,avg_net_flow,avg_gross_flow,avg_net_flow_sgd,avg_gross_flow_sgd
0,Mon,E01,Group Treasury HQ,CNY,52,-3101736.97,3101736.97,-576587.09,576587.09
0,Mon,E01,Group Treasury HQ,EUR,80,-263469.12,318414.28,-379932.56,458484.5
0,Mon,E01,Group Treasury HQ,GBP,24,-321584.3,321584.3,-555949.55,555949.55
0,Mon,E01,Group Treasury HQ,SGD,103,-123659.08,269840.14,-83178.73,260260.46
0,Mon,E01,Group Treasury HQ,USD,61,-200758.5,200758.5,-270439.96,270439.96
0,Mon,E02,SG Operations,SGD,104,121031.81,535012.17,287184.57,440352.69
0,Mon,E02,SG Operations,USD,100,220279.99,243155.09,296174.14,326461.36
0,Mon,E03,Shanghai Mfg,CNY,96,4202182.97,5030043.54,815272.53,973851.05
0,Mon,E03,Shanghai Mfg,EUR,35,17457.98,40401.05,25364.38,58165.32
0,Mon,E03,Shanghai Mfg,USD,92,130187.26,158834.42,175515.67,213838.07
0,Mon,E04,Shenzhen Sourcing,CNY,96,3000473.65,3485655.11,604320.75,702732.94
0,Mon,E04,Shenzhen Sourcing,USD,94,118099.78,130564.78,158485.34,175059.13
0,Mon,E05,India Services,EUR,30,26072.66,41925.87,37483.11,60426.82
0,Mon,E05,India Services,INR,99,30158211.32,31634947.21,491052.13,527311.22
0,Mon,E05,India Services,USD,98,139339.87,142064.19,187046.41,190720.38
0,Mon,E06,Germany GmbH,EUR,101,114627.03,373493.76,194666.57,476454.45
0,Mon,E06,Germany GmbH,USD,101,177035.26,202043.64,237961.04,271558.68
0,Mon,E07,Germany Sales Office,EUR,100,24407.3,118521.82,36469.73,159074.85
0,Mon,E07,Germany Sales Office,USD,88,132523.81,134357.76,177990.66,180410.45
0,Mon,E08,Netherlands BV,EUR,99,129911.53,225039.38,215908.28,280627.67
0,Mon,E08,Netherlands BV,USD,100,265199.06,284420.85,357053.09,382797.26
0,Mon,E09,UK Ltd,EUR,87,114555.57,120095.77,165023.6,173079.17
0,Mon,E09,UK Ltd,GBP,102,-60944.59,380950.33,-97716.9,541668.25
0,Mon,E09,UK Ltd,USD,100,177101.08,192584.43,238122.9,259115.1
0,Mon,E10,US Inc,EUR,93,260822.69,286797.83,376530.16,414240.81
0,Mon,E10,US Inc,USD,98,183877.42,534220.58,378992.11,579361.62
0,Mon,E11,US West Distribution,USD,98,171928.52,409544.47,317626.55,467806.34
1,Tue,E01,Group Treasury HQ,CNY,14,-1163594.47,1163594.47,-215324.85,215324.85
1,Tue,E01,Group Treasury HQ,EUR,100,-567536.45,637394.31,-821813.13,922623.41
1,Tue,E01,Group Treasury HQ,GBP,4,-180959.3,180959.3,-312408.8,312408.8
1,Tue,E01,Group Treasury HQ,SGD,104,375964.23,995901.35,603854.64,804695.95
1,Tue,E01,Group Treasury HQ,USD,100,513805.97,591716.42,690719.84,795009.3
1,Tue,E02,SG Operations,SGD,104,-1336888.34,2228468.59,-328020.96,1400852.76
1,Tue,E02,SG Operations,USD,104,-340753.43,753342.79,-458050.26,1011772.21
1,Tue,E03,Shanghai Mfg,CNY,99,-177380.99,4580244.85,-32322.32,879454.77
1,Tue,E03,Shanghai Mfg,EUR,78,1448.49,73398.87,2352.79,106571.23
1,Tue,E03,Shanghai Mfg,USD,95,71843.97,145703.55,96065.84,195293.11
1,Tue,E04,Shenzhen Sourcing,CNY,99,87677.34,3030573.27,36530.01,651702.96
1,Tue,E04,Shenzhen Sourcing,USD,96,122995.7,182193.98,164215.1,244386.21
1,Tue,E05,India Services,EUR,70,20178.91,48158.04,29202.1,69589.07
1,Tue,E05,India Services,INR,103,7722736.32,17488028.39,119259.22,312440.72
1,Tue,E05,India Services,USD,97,94499.79,130419.49,126593.23,174719.15
1,Tue,E06,Germany GmbH,EUR,105,706992.8,979804.4,1060360.42,1354754.42
1,Tue,E06,Germany GmbH,USD,104,95752.6,171496.77,128468.94,229836.38
1,Tue,E07,Germany Sales Office,EUR,105,121334.93,218367.83,199237.65,281896.54
1,Tue,E07,Germany Sales Office,USD,85,64384.7,73267.68,86562.2,98477.78
1,Tue,E08,Netherlands BV,EUR,105,-61939.48,286767.57,11777.37,296498.51
1,Tue,E08,Netherlands BV,USD,105,195811.45,271055.3,262516.36,363449.59
1,Tue,E09,UK Ltd,EUR,96,56692.47,100999.01,82476.7,146080.09
1,Tue,E09,UK Ltd,GBP,104,-24737.06,134776.58,-2519.29,140151.52
1,Tue,E09,UK Ltd,USD,104,126552.13,184594.36,169830.06,247770.34
1,Tue,E10,US Inc,EUR,102,119783.5,169520.25,172640.01,244233.49
1,Tue,E10,US Inc,USD,104,-155341.97,1098876.0,410455.15,833334.66
1,Tue,E11,US West Distribution,USD,104,98616.02,551917.52,324704.2,546682.05
2,Wed,E01,Group Treasury HQ,CNY,7,-1301843.32,1301843.32,-242160.8,242160.8
2,Wed,E01,Group Treasury HQ,EUR,103,585811.02,653390.0,846600.03,944955.47
2,Wed,E01,Group Treasury HQ,GBP,36,-290697.68,406007.75,-503069.54,698526.11
2,Wed,E01,Group Treasury HQ,SGD,99,-105264.41,309845.08,-56301.9,299780.06
2,Wed,E01,Group Treasury HQ,USD,94,1093204.19,1125357.26,1467321.0,1510030.68
2,Wed,E02,SG Operations,SGD,100,65736.37,745774.8,289786.0,618621.71
2,Wed,E02,SG Operations,USD,95,87581.81,112432.2,118147.71,151374.5
2,Wed,E03,Shanghai Mfg,CNY,99,609169.76,1757958.01,121115.74,342487.24
2,Wed,E03,Shanghai Mfg,EUR,40,14195.21,77571.18,20853.75,112228.57
2,Wed,E03,Shanghai Mfg,USD,82,-166280.03,265558.51,-223614.43,356854.46
2,Wed,E04,Shenzhen Sourcing,CNY,100,446905.3,1192247.55,87813.17,259533.77
2,Wed,E04,Shenzhen Sourcing,USD,92,-255688.38,377154.38,-342247.08,505464.76
2,Wed,E05,India Services,EUR,30,28140.21,37087.1,40568.87,53556.54
2,Wed,E05,India Services,INR,100,4541035.23,7352791.87,75507.91,134319.56
2,Wed,E05,India Services,USD,76,56755.7,77279.79,75960.83,103535.6
2,Wed,E06,Germany GmbH,EUR,104,-611985.72,1038640.34,-593302.49,1198052.41
2,Wed,E06,Germany GmbH,USD,102,-231356.94,387575.87,-310812.07,520296.28
2,Wed,E07,Germany Sales Office,EUR,104,-67025.37,256349.3,-25583.69,297357.83
2,Wed,E07,Germany Sales Office,USD,65,47433.03,59260.2,63637.67,79389.19
2,Wed,E08,Netherlands BV,EUR,104,-234024.28,385810.48,-43753.06,254254.44
2,Wed,E08,Netherlands BV,USD,98,79265.27,126771.88,106135.29,170078.91
2,Wed,E09,UK Ltd,EUR,59,40184.01,52190.92,58449.1,75573.48
2,Wed,E09,UK Ltd,GBP,104,-93773.62,515477.73,221917.33,468768.82
2,Wed,E09,UK Ltd,USD,94,63532.81,94989.83,85436.99,127648.52
2,Wed,E10,US Inc,EUR,101,-317398.5,455141.19,-458151.52,657921.02
2,Wed,E10,US Inc,USD,105,-353879.48,897896.31,59278.73,664782.67
2,Wed,E11,US West Distribution,USD,105,-300493.9,613926.18,-341190.36,764774.55
3,Thu,E01,Group Treasury HQ,CNY,22,-2214076.25,2214076.25,-412439.72,412439.72
3,Thu,E01,Group Treasury HQ,EUR,68,-204659.76,225168.14,-295812.5,325335.05
3,Thu,E01,Group Treasury HQ,GBP,8,-210392.44,210392.44,-365335.35,365335.35
3,Thu,E01,Group Treasury HQ,SGD,102,-754959.28,855930.26,-195328.96,317156.64
3,Thu,E01,Group Treasury HQ,USD,37,-152783.38,152783.38,-204727.04,204727.04
3,Thu,E02,SG Operations,SGD,103,-2583657.21,3015563.75,-395098.13,876988.37
3,Thu,E02,SG Operations,USD,99,-1152.88,108835.41,-1655.75,145971.97
3,Thu,E03,Shanghai Mfg,CNY,98,-4235746.21,5811908.5,-820807.81,1130054.88
3,Thu,E03,Shanghai Mfg,EUR,72,-45255.49,73622.54,-65068.77,105750.62
3,Thu,E03,Shanghai Mfg,USD,96,-49369.81,116550.92,-66595.32,156884.46
3,Thu,E04,Shenzhen Sourcing,CNY,98,-3211128.95,4596874.66,-681238.96,975060.22
3,Thu,E04,Shenzhen Sourcing,USD,86,-14689.73,95801.81,-19522.83,129126.97
3,Thu,E05,India Services,EUR,75,-23648.54,69204.17,-33984.48,99871.92
3,Thu,E05,India Services,INR,101,-7575227.45,13603264.05,-129403.92,267421.37
3,Thu,E05,India Services,USD,90,5860.79,94393.46,7874.58,126590.57
3,Thu,E06,Germany GmbH,EUR,98,-15451.14,293697.17,52284.96,337054.15
3,Thu,E06,Germany GmbH,USD,93,-1492.44,140010.88,-1715.52,188761.11
3,Thu,E07,Germany Sales Office,EUR,96,4577.23,65635.04,10898.85,89087.51
3,Thu,E07,Germany Sales Office,USD,65,16429.03,64047.42,21999.7,85972.02
3,Thu,E08,Netherlands BV,EUR,99,-316831.06,437480.81,-275138.06,441057.05
3,Thu,E08,Netherlands BV,USD,96,-34003.98,142382.22,-45348.75,191324.77
3,Thu,E09,UK Ltd,EUR,88,-46384.71,74255.63,-66878.9,107252.28
3,Thu,E09,UK Ltd,GBP,101,-125572.05,249663.21,-64033.49,251523.93
3,Thu,E09,UK Ltd,USD,91,-33365.37,86108.55,-45107.48,116181.28
3,Thu,E10,US Inc,EUR,90,10709.47,119486.52,15829.47,172332.54
3,Thu,E10,US Inc,USD,102,-1173344.93,1471572.96,-231836.37,621478.56
3,Thu,E11,US West Distribution,USD,99,-358014.91,545379.45,-114626.84,366210.12
4,Fri,E01,Group Treasury HQ,CNY,15,-2860215.05,2860215.05,-530845.07,530845.07
4,Fri,E01,Group Treasury HQ,EUR,80,-297554.31,324596.88,-429961.95,468478.25
4,Fri,E01,Group Treasury HQ,GBP,1,-200581.4,200581.4,-350390.42,350390.42
4,Fri,E01,Group Treasury HQ,SGD,100,-133040.19,178228.04,-118985.43,173346.99
4,Fri,E01,Group Treasury HQ,USD,30,-110074.63,110074.63,-147689.88,147689.88
4,Fri,E02,SG Operations,SGD,102,-410221.34,609344.32,-189908.05,406320.74
4,Fri,E02,SG Operations,USD,81,49461.92,70142.63,66585.47,94249.52
4,Fri,E03,Shanghai Mfg,CNY,94,130137.82,2203481.85,19723.47,422850.07
4,Fri,E03,Shanghai Mfg,EUR,39,-13723.85,37156.84,-19914.4,53522.25
4,Fri,E03,Shanghai Mfg,USD,65,-7665.74,98325.91,-10454.8,132240.24
4,Fri,E04,Shenzhen Sourcing,CNY,94,-163487.44,1461997.49,-46509.59,312055.46
4,Fri,E04,Shenzhen Sourcing,USD,70,28101.95,76101.05,38068.88,102117.9
4,Fri,E05,India Services,EUR,19,5473.25,32238.54,8040.52,46848.3
4,Fri,E05,India Services,INR,99,4714387.23,7930528.99,65036.7,149543.04
4,Fri,E05,India Services,USD,64,43462.09,73531.87,58406.81,98781.05
4,Fri,E06,Germany GmbH,EUR,101,-936707.65,1447371.0,-754418.97,1483583.03
4,Fri,E06,Germany GmbH,USD,94,-42041.3,112203.18,-56753.4,151195.44
4,Fri,E07,Germany Sales Office,EUR,100,-318845.61,409389.41,-251641.73,380123.13
4,Fri,E07,Germany Sales Office,USD,44,13999.86,50187.67,18844.29,67339.29
4,Fri,E08,Netherlands BV,EUR,103,-538073.32,607545.29,-153726.86,244976.42
4,Fri,E08,Netherlands BV,USD,87,50385.27,114755.04,67346.19,153664.08
4,Fri,E09,UK Ltd,EUR,68,13942.87,50177.15,19964.57,72648.73
4,Fri,E09,UK Ltd,GBP,102,-489406.94,618139.09,-61497.05,244902.43
4,Fri,E09,UK Ltd,USD,92,7615.83,106100.35,10248.91,142409.63
4,Fri,E10,US Inc,EUR,97,-58316.92,175644.97,-84498.08,253157.94
4,Fri,E10,US Inc,USD,104,-785648.9,1018406.2,-337076.35,645080.54
4,Fri,E11,US West Distribution,USD,104,-116188.26,348960.2,-98293.28,408489.27
5,Sat,E02,SG Operations,SGD,2,-46666.26,46666.26,-46666.26,46666.26
5,Sat,E06,Germany GmbH,EUR,5,-32641.34,32641.34,-47378.96,47378.96
5,Sat,E11,US West Distribution,USD,1,4568.96,4568.96,6235.27,6235.27
6,Sun,E01,Group Treasury HQ,CNY,1,-3225806.45,3225806.45,-601090.32,601090.32
6,Sun,E01,Group Treasury HQ,SGD,69,-504699.58,505229.85,-503583.85,504283.21
6,Sun,E01,Group Treasury HQ,USD,6,-173507.46,173507.46,-230845.31,230845.31
6,Sun,E02,SG Operations,SGD,68,511102.94,511102.94,511102.94,511102.94
6,Sun,E02,SG Operations,USD,7,145043.06,152398.3,192940.7,202794.11
6,Sun,E03,Shanghai Mfg,USD,4,-31780.81,67539.6,-42772.0,90372.6
6,Sun,E04,Shenzhen Sourcing,CNY,1,3225806.45,3225806.45,601090.32,601090.32
6,Sun,E04,Shenzhen Sourcing,USD,2,-47287.3,47287.3,-64189.93,64189.93
6,Sun,E06,Germany GmbH,EUR,2,-19300.37,19300.37,-27910.72,27910.72
6,Sun,E06,Germany GmbH,USD,4,-67254.21,67254.21,-90921.85,90921.85
6,Sun,E07,Germany Sales Office,EUR,4,-76278.96,76278.96,-111554.43,111554.43
6,Sun,E08,Netherlands BV,EUR,1,-40157.52,40157.52,-58825.71,58825.71
6,Sun,E08,Netherlands BV,USD,5,-11150.02,23387.14,-15254.05,31496.65
6,Sun,E09,UK Ltd,GBP,1,-10564.98,10564.98,-18085.79,18085.79
6,Sun,E09,UK Ltd,USD,3,-40266.24,40266.24,-54843.68,54843.68
6,Sun,E10,US Inc,USD,5,-61465.55,61465.55,-83424.55,83424.55
6,Sun,E11,US West Distribution,USD,3,-24656.01,24656.01,-33161.21,33161.21
