account_id,entity_id,entity_name,currency_code,is_pooled,is_restricted,date_id,balance,balance_sgd,target_sgd,idle_sgd,overdrawn_sgd,headroom_sgd,date
A001,E01,Group Treasury HQ,SGD,0,0,20260930,-39339410.0,-39339410.0,260000.0,0.0,39339410.0,260660590.0,2026-09-30
A002,E01,Group Treasury HQ,EUR,0,0,20260930,-70275631.0,-99798213.0,264138.0,0.0,99798213.0,194015596.0,2026-09-30
A003,E01,Group Treasury HQ,SGD,0,0,20260930,17422914.0,17422914.0,321000.0,17101914.0,0.0,300000000.0,2026-09-30
A004,E02,SG Operations,SGD,0,0,20260930,421360.0,421360.0,85000.0,336360.0,0.0,0.0,2026-09-30
A005,E02,SG Operations,SGD,1,0,20260930,0.0,0.0,174000.0,0.0,0.0,0.0,2026-09-30
A006,E02,SG Operations,USD,0,0,20260930,309031.0,421890.0,105121.0,316770.0,0.0,0.0,2026-09-30
A007,E02,SG Operations,SGD,0,0,20260930,201111.0,201111.0,141000.0,60111.0,0.0,0.0,2026-09-30
A008,E03,Shanghai Mfg,CNY,0,1,20260930,58445444.0,10892711.0,255705.0,10637006.0,0.0,0.0,2026-09-30
A009,E03,Shanghai Mfg,USD,0,0,20260930,185991.0,253916.0,156998.0,96917.0,0.0,0.0,2026-09-30
A010,E03,Shanghai Mfg,EUR,1,0,20260930,0.0,0.0,671706.0,0.0,0.0,0.0,2026-09-30
A011,E04,Shenzhen Sourcing,CNY,0,1,20260930,1000229.0,186417.0,149472.0,36945.0,0.0,0.0,2026-09-30
A012,E04,Shenzhen Sourcing,CNY,0,1,20260930,8358313.0,1557772.0,154318.0,1403454.0,0.0,0.0,2026-09-30
A013,E04,Shenzhen Sourcing,CNY,0,1,20260930,1498000.0,279188.0,279188.0,0.0,0.0,0.0,2026-09-30
A014,E04,Shenzhen Sourcing,USD,0,0,20260930,391704.0,534756.0,263484.0,271271.0,0.0,0.0,2026-09-30
A015,E05,India Services,INR,0,1,20260930,3996480769.0,64591122.0,132318.0,64458804.0,0.0,0.0,2026-09-30
A016,E05,India Services,USD,0,0,20260930,142009.0,193871.0,217067.0,0.0,0.0,0.0,2026-09-30
A017,E05,India Services,EUR,0,0,20260930,1430587.0,2031572.0,88046.0,1943526.0,0.0,0.0,2026-09-30
A018,E05,India Services,USD,0,0,20260930,32008338.0,43697879.0,151538.0,43546342.0,0.0,0.0,2026-09-30
A019,E05,India Services,INR,0,1,20260930,9315833.0,150562.0,261857.0,0.0,0.0,0.0,2026-09-30
A020,E06,Germany GmbH,EUR,0,0,20260930,-168605.0,-239436.0,89466.0,0.0,239436.0,186593.0,2026-09-30
A021,E06,Germany GmbH,EUR,0,0,20260930,150558.0,213807.0,78105.0,135702.0,0.0,426029.0,2026-09-30
A022,E06,Germany GmbH,EUR,0,0,20260930,173000.0,245677.0,245677.0,0.0,0.0,426029.0,2026-09-30
A023,E06,Germany GmbH,USD,0,0,20260930,233044.0,318152.0,211606.0,106545.0,0.0,0.0,2026-09-30
A024,E06,Germany GmbH,EUR,0,0,20260930,82000.0,116448.0,116448.0,0.0,0.0,426029.0,2026-09-30
A025,E07,Germany Sales Office,EUR,1,0,20260930,0.0,0.0,173252.0,0.0,0.0,0.0,2026-09-30
A026,E07,Germany Sales Office,EUR,1,0,20260930,0.0,0.0,174672.0,0.0,0.0,0.0,2026-09-30
A027,E07,Germany Sales Office,EUR,1,0,20260930,0.0,0.0,266978.0,0.0,0.0,0.0,2026-09-30
A028,E07,Germany Sales Office,USD,1,0,20260930,0.0,0.0,232085.0,0.0,0.0,0.0,2026-09-30
A029,E07,Germany Sales Office,USD,0,0,20260930,35451.0,48398.0,83277.0,0.0,0.0,0.0,2026-09-30
A030,E08,Netherlands BV,EUR,0,0,20260930,185225.0,263038.0,129229.0,133809.0,0.0,0.0,2026-09-30
A031,E08,Netherlands BV,USD,1,0,20260930,0.0,0.0,191128.0,0.0,0.0,0.0,2026-09-30
A032,E08,Netherlands BV,EUR,1,0,20260930,0.0,0.0,107927.0,0.0,0.0,0.0,2026-09-30
A033,E08,Netherlands BV,EUR,1,0,20260930,0.0,0.0,127809.0,0.0,0.0,0.0,2026-09-30
A034,E09,UK Ltd,GBP,0,0,20260930,486855.0,852999.0,371436.0,481563.0,0.0,0.0,2026-09-30
A035,E09,UK Ltd,EUR,1,0,20260930,0.0,0.0,249937.0,0.0,0.0,0.0,2026-09-30
A036,E09,UK Ltd,USD,1,0,20260930,0.0,0.0,121503.0,0.0,0.0,0.0,2026-09-30
A037,E10,US Inc,USD,1,0,20260930,0.0,0.0,192494.0,0.0,0.0,0.0,2026-09-30
A038,E10,US Inc,USD,1,0,20260930,0.0,0.0,260754.0,0.0,0.0,0.0,2026-09-30
A039,E10,US Inc,EUR,0,0,20260930,150463.0,213673.0,133489.0,80184.0,0.0,0.0,2026-09-30
A040,E11,US West Distribution,USD,1,0,20260930,0.0,0.0,341301.0,0.0,0.0,0.0,2026-09-30
A041,E11,US West Distribution,USD,0,0,20260930,652661.0,891015.0,404100.0,486915.0,0.0,0.0,2026-09-30
A042,E11,US West Distribution,USD,0,0,20260930,110357.0,150660.0,152903.0,0.0,0.0,0.0,2026-09-30
A043,E11,US West Distribution,USD,1,0,20260930,0.0,0.0,197954.0,0.0,0.0,0.0,2026-09-30
A044,E11,US West Distribution,USD,0,0,20260930,286000.0,390448.0,390448.0,0.0,0.0,0.0,2026-09-30
A045,E01,Group Treasury HQ,USD,0,0,20260930,278536720.0,380259165.0,0.0,380259165.0,0.0,305643013.0,2026-09-30
A046,E01,Group Treasury HQ,CNY,0,1,20260930,-323387097.0,-60270947.0,0.0,0.0,60270947.0,240332237.0,2026-09-30
A047,E01,Group Treasury HQ,INR,0,1,20260930,-25155280.0,-406560.0,0.0,0.0,406560.0,300748714.0,2026-09-30
A048,E01,Group Treasury HQ,GBP,0,0,20260930,-23093023.0,-40460316.0,0.0,0.0,40460316.0,265131888.0,2026-09-30
