corridor,sender_country,receiver_country,n_payments,value_sgd_m
AE -> CN,AE,CN,55,2.7
AE -> DE,AE,DE,85,4.7
AE -> GB,AE,GB,56,2.9
AE -> IN,AE,IN,43,2.1
AE -> NL,AE,NL,150,8.8
AE -> SG,AE,SG,234,10.6
AE -> US,AE,US,208,9.5
AU -> CN,AU,CN,19,0.5
AU -> DE,AU,DE,15,0.4
AU -> GB,AU,GB,8,0.2
AU -> IN,AU,IN,9,0.8
AU -> NL,AU,NL,48,2.0
AU -> SG,AU,SG,14,0.7
AU -> US,AU,US,17,0.6
CN -> AE,CN,AE,144,3.9
CN -> AU,CN,AU,336,8.1
CN -> DE,CN,DE,1759,56.4
CN -> GB,CN,GB,761,28.1
CN -> ID,CN,ID,164,2.5
CN -> IN,CN,IN,601,23.9
CN -> JP,CN,JP,298,6.1
CN -> MY,CN,MY,178,4.4
CN -> NL,CN,NL,520,27.1
CN -> SG,CN,SG,771,29.3
CN -> US,CN,US,1054,46.4
CN -> VN,CN,VN,142,2.9
CN -> XA,CN,XA,20,0.3
CN -> XB,CN,XB,317,6.6
DE -> AE,DE,AE,124,5.7
DE -> AU,DE,AU,175,5.0
DE -> CN,DE,CN,1151,38.3
DE -> GB,DE,GB,1153,44.3
DE -> ID,DE,ID,173,3.7
DE -> IN,DE,IN,434,14.1
DE -> JP,DE,JP,74,2.3
DE -> MY,DE,MY,62,1.5
DE -> NL,DE,NL,329,12.6
DE -> SG,DE,SG,1621,78.4
DE -> US,DE,US,1702,85.8
DE -> VN,DE,VN,263,6.1
DE -> XA,DE,XA,15,0.2
DE -> XB,DE,XB,252,7.5
GB -> AE,GB,AE,77,1.6
GB -> AU,GB,AU,148,3.8
GB -> CN,GB,CN,1092,21.5
GB -> DE,GB,DE,845,21.1
GB -> ID,GB,ID,117,3.6
GB -> IN,GB,IN,253,5.0
GB -> JP,GB,JP,47,1.1
GB -> MY,GB,MY,55,1.4
GB -> NL,GB,NL,215,7.7
GB -> SG,GB,SG,247,6.2
GB -> US,GB,US,254,9.4
GB -> VN,GB,VN,91,2.7
GB -> XA,GB,XA,12,0.2
GB -> XB,GB,XB,243,5.2
ID -> CN,ID,CN,41,2.6
ID -> DE,ID,DE,97,4.8
ID -> GB,ID,GB,42,1.7
ID -> IN,ID,IN,37,1.7
ID -> NL,ID,NL,215,11.8
ID -> SG,ID,SG,54,2.5
ID -> US,ID,US,136,6.5
IN -> AE,IN,AE,80,1.6
IN -> AU,IN,AU,100,1.7
IN -> CN,IN,CN,482,12.6
IN -> DE,IN,DE,643,12.3
IN -> GB,IN,GB,264,8.5
IN -> ID,IN,ID,58,0.6
IN -> JP,IN,JP,36,0.9
IN -> MY,IN,MY,42,1.1
IN -> NL,IN,NL,126,5.2
IN -> SG,IN,SG,294,9.8
IN -> US,IN,US,218,9.8
IN -> VN,IN,VN,278,3.1
IN -> XA,IN,XA,7,0.2
IN -> XB,IN,XB,162,2.1
JP -> CN,JP,CN,8,0.3
JP -> DE,JP,DE,52,1.9
JP -> GB,JP,GB,7,0.2
JP -> IN,JP,IN,13,1.4
JP -> NL,JP,NL,18,2.1
JP -> SG,JP,SG,25,0.9
JP -> US,JP,US,26,1.1
MY -> CN,MY,CN,410,19.7
MY -> DE,MY,DE,289,14.1
MY -> GB,MY,GB,177,9.2
MY -> IN,MY,IN,163,8.3
MY -> NL,MY,NL,279,15.2
MY -> SG,MY,SG,510,28.6
MY -> US,MY,US,405,18.2
NL -> AE,NL,AE,250,6.6
NL -> AU,NL,AU,196,3.4
NL -> CN,NL,CN,896,22.2
NL -> DE,NL,DE,2215,41.1
NL -> GB,NL,GB,374,9.8
NL -> ID,NL,ID,153,3.4
NL -> IN,NL,IN,133,4.9
NL -> JP,NL,JP,57,2.1
NL -> MY,NL,MY,66,1.4
NL -> SG,NL,SG,252,8.1
NL -> US,NL,US,468,18.5
NL -> VN,NL,VN,102,1.7
NL -> XA,NL,XA,9,0.1
NL -> XB,NL,XB,236,4.6
SG -> AE,SG,AE,137,2.8
SG -> AU,SG,AU,144,3.2
SG -> CN,SG,CN,5724,125.1
SG -> DE,SG,DE,924,29.8
SG -> GB,SG,GB,479,21.8
SG -> ID,SG,ID,96,1.4
SG -> IN,SG,IN,251,8.1
SG -> JP,SG,JP,35,0.6
SG -> MY,SG,MY,56,0.9
SG -> NL,SG,NL,214,10.0
SG -> US,SG,US,370,20.2
SG -> VN,SG,VN,237,3.8
SG -> XA,SG,XA,5,0.1
SG -> XB,SG,XB,174,3.3
US -> AE,US,AE,140,2.8
US -> AU,US,AU,704,13.7
US -> CN,US,CN,3674,82.4
US -> DE,US,DE,2135,49.1
US -> GB,US,GB,688,19.1
US -> ID,US,ID,766,19.4
US -> IN,US,IN,897,18.7
US -> JP,US,JP,127,3.4
US -> MY,US,MY,152,2.5
US -> NL,US,NL,438,18.3
US -> SG,US,SG,611,16.9
US -> VN,US,VN,192,5.3
US -> XA,US,XA,16,0.3
US -> XB,US,XB,1041,18.4
VN -> CN,VN,CN,647,31.9
VN -> DE,VN,DE,398,19.0
VN -> GB,VN,GB,205,9.0
VN -> IN,VN,IN,184,7.0
VN -> NL,VN,NL,311,14.0
VN -> SG,VN,SG,305,15.6
VN -> US,VN,US,444,20.2
XA -> CN,XA,CN,10,0.4
XA -> DE,XA,DE,51,2.1
XA -> GB,XA,GB,15,0.5
XA -> IN,XA,IN,9,0.4
XA -> NL,XA,NL,13,0.8
XA -> SG,XA,SG,20,0.7
XA -> US,XA,US,26,1.2
XB -> CN,XB,CN,106,4.2
XB -> DE,XB,DE,77,2.8
XB -> GB,XB,GB,53,2.9
XB -> IN,XB,IN,53,2.9
XB -> NL,XB,NL,73,4.2
XB -> SG,XB,SG,69,5.7
XB -> US,XB,US,246,16.2
