entity_id,entity_name,inflow_sgd,outflow_sgd,net_inflow_sgd
E01,Group Treasury HQ,39705819.2,36963092.38,2742726.82
E02,SG Operations,224388831.35,161625047.1,62763784.25
E03,Shanghai Mfg,211730508.9,215603869.12,-3873360.22
E04,Shenzhen Sourcing,156372992.82,154462487.54,1910505.28
E05,India Services,158434552.16,55354757.76,103079794.4
E06,Germany GmbH,166528987.38,241711795.39,-75182808.01
E07,Germany Sales Office,88348314.66,66627555.71,21720758.95
E08,Netherlands BV,144816275.01,108942968.67,35873306.34
E09,UK Ltd,143750133.28,113440934.64,30309198.64
E10,US Inc,250333960.85,192956297.26,57377663.59
E11,US West Distribution,120381598.46,81874885.58,38506712.88
