corridor,sender_country,receiver_country,n_payments,value_sgd_m,avg_hours,pct_over_48h,failure_pct
AE -> SG,AE,SG,239,10.8,19.3,9.4,2.1
AE -> US,AE,US,211,9.6,11.4,5.3,1.4
CN -> AU,CN,AU,341,8.3,42.9,28.6,1.5
CN -> DE,CN,DE,1800,58.2,33.3,22.0,2.3
CN -> GB,CN,GB,787,29.1,22.0,14.6,3.3
CN -> IN,CN,IN,608,24.1,21.9,13.5,1.2
CN -> JP,CN,JP,305,6.2,43.4,28.1,2.3
CN -> NL,CN,NL,525,27.4,15.5,8.3,1.0
CN -> SG,CN,SG,785,29.7,26.4,17.9,1.8
CN -> US,CN,US,1075,48.3,25.2,12.5,2.0
CN -> XB,CN,XB,338,7.4,39.8,26.6,6.2
DE -> CN,DE,CN,1169,39.0,39.9,24.1,1.5
DE -> GB,DE,GB,1179,45.4,20.6,12.4,2.2
DE -> IN,DE,IN,441,15.6,31.6,20.2,1.6
DE -> NL,DE,NL,336,13.0,14.1,7.0,2.1
DE -> SG,DE,SG,1657,80.5,25.4,15.2,2.2
DE -> US,DE,US,1728,86.8,10.9,4.5,1.5
DE -> VN,DE,VN,273,7.0,42.9,26.5,3.7
DE -> XB,DE,XB,261,7.6,31.1,19.0,3.4
GB -> CN,GB,CN,1119,22.0,46.8,30.3,2.4
GB -> DE,GB,DE,863,21.8,33.1,21.5,2.1
GB -> IN,GB,IN,256,5.1,39.1,24.9,1.2
GB -> NL,GB,NL,216,7.7,19.8,14.0,0.5
GB -> SG,GB,SG,253,6.4,38.6,23.0,2.4
GB -> US,GB,US,256,9.9,22.3,9.4,0.8
GB -> XB,GB,XB,251,5.5,38.9,28.3,3.2
ID -> NL,ID,NL,222,12.1,9.9,4.7,3.2
IN -> CN,IN,CN,486,12.7,41.4,29.9,0.8
IN -> DE,IN,DE,652,12.4,40.3,31.2,1.4
IN -> GB,IN,GB,266,8.6,22.5,15.5,0.8
IN -> SG,IN,SG,301,10.3,33.4,22.0,2.3
IN -> US,IN,US,221,10.2,16.9,7.8,1.4
IN -> VN,IN,VN,289,4.1,48.1,35.8,3.8
MY -> CN,MY,CN,414,19.8,17.9,9.0,1.0
MY -> DE,MY,DE,292,14.5,8.1,2.1,1.0
MY -> NL,MY,NL,284,15.6,8.8,2.5,1.8
MY -> SG,MY,SG,521,29.0,9.9,3.7,2.1
MY -> US,MY,US,410,18.4,16.8,6.1,1.2
NL -> AE,NL,AE,253,6.8,38.0,25.2,1.2
NL -> CN,NL,CN,910,23.5,44.3,28.3,1.5
NL -> DE,NL,DE,2252,42.0,36.6,26.1,1.6
NL -> GB,NL,GB,378,9.9,30.3,22.7,1.1
NL -> SG,NL,SG,258,8.2,37.9,23.7,2.3
NL -> US,NL,US,473,18.8,22.0,14.2,1.1
NL -> XB,NL,XB,245,4.8,30.3,19.0,3.7
SG -> CN,SG,CN,5806,128.3,39.3,28.4,1.4
SG -> DE,SG,DE,941,31.8,26.6,18.1,1.8
SG -> GB,SG,GB,484,21.9,19.0,13.4,1.0
SG -> IN,SG,IN,257,8.3,22.5,15.5,2.3
SG -> NL,SG,NL,214,10.0,14.3,7.0,0.0
SG -> US,SG,US,380,20.7,26.8,16.7,2.6
SG -> VN,SG,VN,244,4.4,55.5,38.7,2.9
US -> AU,US,AU,711,14.1,36.9,27.1,1.0
US -> CN,US,CN,3711,84.0,41.4,29.4,1.0
US -> DE,US,DE,2173,50.3,43.3,29.7,1.7
US -> GB,US,GB,697,19.4,34.3,23.8,1.3
US -> ID,US,ID,769,19.4,40.9,28.9,0.4
US -> IN,US,IN,958,21.3,44.9,33.0,6.4
US -> NL,US,NL,446,18.5,32.9,21.0,1.8
US -> SG,US,SG,620,17.0,35.0,26.7,1.5
US -> XB,US,XB,1078,19.6,42.8,28.4,3.4
VN -> CN,VN,CN,660,33.4,15.2,8.0,2.0
VN -> DE,VN,DE,410,21.6,10.5,5.0,2.9
VN -> GB,VN,GB,206,9.0,8.0,3.4,0.5
VN -> NL,VN,NL,313,14.0,8.3,3.9,0.6
VN -> SG,VN,SG,308,15.7,13.5,6.2,1.0
VN -> US,VN,US,453,20.4,15.6,5.0,2.0
XB -> US,XB,US,254,16.6,9.6,2.8,3.1
