account_id,entity_id,bank_id,currency_code,account_type,overdraft_limit,target_balance,is_pooled,pool_header_account_id,credit_rate,debit_rate
A001,E01,B01,SGD,operating,300000000,260000,0,,0.01,0.055
A002,E01,B01,EUR,collection,206897000,186000,0,,0.005,0.06
A003,E01,B01,SGD,collection,300000000,321000,0,,0.01,0.055
A004,E02,B01,SGD,operating,0,85000,0,,0.01,0.055
A006,E02,B03,USD,collection,0,77000,0,,0.02,0.075
A007,E02,B01,SGD,disbursement,0,141000,0,,0.01,0.055
A008,E03,B04,CNY,operating,0,1372000,0,,0.003,0.05
A009,E03,B02,USD,collection,0,115000,0,,0.02,0.075
A011,E04,B04,CNY,operating,0,802000,0,,0.003,0.05
A012,E04,B04,CNY,collection,0,828000,0,,0.003,0.05
A013,E04,B03,CNY,collection,0,1498000,0,,0.003,0.05
A014,E04,B03,USD,collection,0,193000,0,,0.02,0.075
A015,E05,B05,INR,operating,0,8187000,0,,0.03,0.105
A016,E05,B03,USD,disbursement,0,159000,0,,0.02,0.075
A017,E05,B01,EUR,disbursement,0,62000,0,,0.005,0.06
A018,E05,B02,USD,collection,0,111000,0,,0.02,0.075
A019,E05,B01,INR,disbursement,0,16202000,0,,0.03,0.105
A020,E06,B02,EUR,operating,300000,63000,0,,0.005,0.06
A021,E06,B03,EUR,collection,300000,55000,0,,0.005,0.06
A022,E06,B02,EUR,collection,300000,173000,0,,0.005,0.06
A023,E06,B03,USD,disbursement,0,155000,0,,0.02,0.075
A024,E06,B02,EUR,collection,300000,82000,0,,0.005,0.06
A029,E07,B02,USD,disbursement,0,61000,0,,0.02,0.075
A030,E08,B03,EUR,operating,0,91000,0,,0.005,0.06
A034,E09,B06,GBP,operating,0,212000,0,,0.015,0.07
A039,E10,B01,EUR,disbursement,0,94000,0,,0.005,0.06
A041,E11,B03,USD,collection,0,296000,0,,0.02,0.075
A042,E11,B03,USD,disbursement,0,112000,0,,0.02,0.075
A044,E11,B03,USD,collection,0,286000,0,,0.02,0.075
A045,E01,B01,USD,pool_header,223881000,0,0,,0.02,0.075
A046,E01,B01,CNY,pool_header,1612903000,0,0,,0.003,0.05
A047,E01,B01,INR,pool_header,18633540000,0,0,,0.03,0.105
A048,E01,B01,GBP,pool_header,174419000,0,0,,0.015,0.07
A005,E02,B01,SGD,disbursement,0,174000,1,A001,0.01,0.055
A010,E03,B03,EUR,collection,0,473000,1,A002,0.005,0.06
A025,E07,B02,EUR,operating,0,122000,1,A002,0.005,0.06
A026,E07,B01,EUR,collection,0,123000,1,A002,0.005,0.06
A027,E07,B01,EUR,collection,0,188000,1,A002,0.005,0.06
A028,E07,B02,USD,collection,0,170000,1,A045,0.02,0.075
A031,E08,B01,USD,collection,0,140000,1,A045,0.02,0.075
A032,E08,B03,EUR,collection,0,76000,1,A002,0.005,0.06
A033,E08,B01,EUR,disbursement,0,90000,1,A002,0.005,0.06
A035,E09,B06,EUR,disbursement,0,176000,1,A002,0.005,0.06
A036,E09,B02,USD,payroll,0,89000,1,A045,0.02,0.075
A037,E10,B03,USD,operating,0,141000,1,A045,0.02,0.075
A038,E10,B02,USD,collection,0,191000,1,A045,0.02,0.075
A040,E11,B03,USD,operating,0,250000,1,A045,0.02,0.075
A043,E11,B03,USD,collection,0,145000,1,A045,0.02,0.075
