date_id,country_code,is_business_day,holiday_name
20240703,SG,1,
20250411,SG,1,
20260118,SG,0,
20261027,SG,1,
20250107,CN,1,
20251016,CN,1,
20260725,CN,0,
20241005,IN,0,
20250714,IN,1,
20260422,IN,1,
20240703,DE,1,
20250411,DE,1,
20260118,DE,0,
20261027,DE,1,
20250107,NL,1,
20251016,NL,1,
20260725,NL,0,
20241005,GB,0,
20250714,GB,1,
20260422,GB,1,
20240703,US,1,
20250411,US,1,
20260118,US,0,
20261027,US,1,
20250107,VN,1,
20251016,VN,1,
20260725,VN,0,
20241005,MY,0,
20250714,MY,1,
20260422,MY,1,
20240703,ID,1,
20250411,ID,1,
20260118,ID,0,
20261027,ID,1,
20250107,JP,1,
20251016,JP,1,
20260725,JP,0,
20241005,AU,0,
20250714,AU,1,
20260422,AU,1,
20240703,AE,1,
20250411,AE,1,
20260118,AE,0,
20261027,AE,1,
20250107,XA,1,
20251016,XA,1,
20260725,XA,0,
20241005,XB,0,
20250714,XB,1,
20260422,XB,1,
