date_id,date,week,month,quarter,year,day_of_week,is_weekend,is_month_end,is_quarter_end
20240703,2024-07-03,27,7,3,2024,2,0,0,0
20240721,2024-07-21,29,7,3,2024,6,1,0,0
20240808,2024-08-08,32,8,3,2024,3,0,0,0
20240826,2024-08-26,35,8,3,2024,0,0,0,0
20240913,2024-09-13,37,9,3,2024,4,0,0,0
20241001,2024-10-01,40,10,4,2024,1,0,0,0
20241019,2024-10-19,42,10,4,2024,5,1,0,0
20241106,2024-11-06,45,11,4,2024,2,0,0,0
20241124,2024-11-24,47,11,4,2024,6,1,0,0
20241212,2024-12-12,50,12,4,2024,3,0,0,0
20241230,2024-12-30,1,12,4,2024,0,0,0,0
20250117,2025-01-17,3,1,1,2025,4,0,0,0
20250204,2025-02-04,6,2,1,2025,1,0,0,0
20250222,2025-02-22,8,2,1,2025,5,1,0,0
20250312,2025-03-12,11,3,1,2025,2,0,0,0
20250330,2025-03-30,13,3,1,2025,6,1,0,0
20250417,2025-04-17,16,4,2,2025,3,0,0,0
20250505,2025-05-05,19,5,2,2025,0,0,0,0
20250523,2025-05-23,21,5,2,2025,4,0,0,0
20250610,2025-06-10,24,6,2,2025,1,0,0,0
20250628,2025-06-28,26,6,2,2025,5,1,0,0
20250716,2025-07-16,29,7,3,2025,2,0,0,0
20250803,2025-08-03,31,8,3,2025,6,1,0,0
20250821,2025-08-21,34,8,3,2025,3,0,0,0
20250908,2025-09-08,37,9,3,2025,0,0,0,0
20250926,2025-09-26,39,9,3,2025,4,0,0,0
20251014,2025-10-14,42,10,4,2025,1,0,0,0
20251101,2025-11-01,44,11,4,2025,5,1,0,0
20251119,2025-11-19,47,11,4,2025,2,0,0,0
20251207,2025-12-07,49,12,4,2025,6,1,0,0
20251225,2025-12-25,52,12,4,2025,3,0,0,0
20260112,2026-01-12,3,1,1,2026,0,0,0,0
20260130,2026-01-30,5,1,1,2026,4,0,0,0
20260217,2026-02-17,8,2,1,2026,1,0,0,0
20260307,2026-03-07,10,3,1,2026,5,1,0,0
20260325,2026-03-25,13,3,1,2026,2,0,0,0
20260412,2026-04-12,15,4,2,2026,6,1,0,0
20260430,2026-04-30,18,4,2,2026,3,0,1,0
20260518,2026-05-18,21,5,2,2026,0,0,0,0
20260605,2026-06-05,23,6,2,2026,4,0,0,0
20260623,2026-06-23,26,6,2,2026,1,0,0,0
20260711,2026-07-11,28,7,3,2026,5,1,0,0
20260729,2026-07-29,31,7,3,2026,2,0,0,0
20260816,2026-08-16,33,8,3,2026,6,1,0,0
20260903,2026-09-03,36,9,3,2026,3,0,0,0
20260921,2026-09-21,39,9,3,2026,0,0,0,0
20261009,2026-10-09,41,10,4,2026,4,0,0,0
20261027,2026-10-27,44,10,4,2026,1,0,0,0
20261114,2026-11-14,46,11,4,2026,5,1,0,0
20261202,2026-12-02,49,12,4,2026,2,0,0,0
