date_id,currency_code,rate_to_sgd,is_published_fixing
20240703,SGD,1.0,1
20241009,SGD,1.0,1
20250115,SGD,1.0,1
20250423,SGD,1.0,1
20250730,SGD,1.0,1
20251105,SGD,1.0,1
20260211,SGD,1.0,1
20260520,SGD,1.0,1
20260826,SGD,1.0,1
20240903,USD,1.375063,1
20241210,USD,1.371408,1
20250318,USD,1.376238,1
20250624,USD,1.318376,1
20250930,USD,1.352615,1
20260106,USD,1.32279,1
20260414,USD,1.32508,1
20260721,USD,1.355513,1
20240729,EUR,1.475458,1
20241104,EUR,1.456276,1
20250210,EUR,1.43565,1
20250519,EUR,1.449502,1
20250825,EUR,1.47606,1
20251201,EUR,1.403719,1
20260309,EUR,1.422496,1
20260615,EUR,1.488645,1
20260921,EUR,1.444219,1
20240929,GBP,1.68108,0
20250105,GBP,1.718765,0
20250413,GBP,1.737162,0
20250720,GBP,1.685908,0
20251026,GBP,1.761544,0
20260201,GBP,1.761994,0
20260510,GBP,1.786748,0
20260816,GBP,1.688797,0
20240824,CNY,0.185514,0
20241130,CNY,0.185762,0
20250308,CNY,0.187333,0
20250614,CNY,0.187691,0
20250920,CNY,0.18663,0
20251227,CNY,0.187265,0
20260404,CNY,0.185217,0
20260711,CNY,0.185667,0
20240719,INR,0.015985,1
20241025,INR,0.015912,1
20250131,INR,0.016285,1
20250509,INR,0.016178,1
20250815,INR,0.016245,1
20251121,INR,0.016093,1
20260227,INR,0.016197,1
20260605,INR,0.016248,1
