hedge_id,entity_id,trade_date_id,maturity_date_id,buy_currency,sell_currency,buy_amount,sell_amount,forward_rate
H000001,E01,20241001,20241030,CNY,SGD,1702898.56,314173.69,0.184493
H000010,E08,20241001,20241031,EUR,USD,499808.75,554316.72,0.901666
H000019,E02,20241101,20241129,SGD,EUR,1125000.09,771821.08,1.457592
H000028,E08,20241101,20241129,EUR,SGD,173945.19,253809.1,0.685339
H000037,E01,20241202,20241231,SGD,EUR,372938.15,266392.27,1.399959
H000046,E06,20241202,20241231,EUR,USD,726344.02,749944.4,0.96853
H000055,E05,20250101,20250131,INR,USD,50692822.83,601956.84,84.213385
H000064,E06,20250102,20250131,GBP,EUR,188633.18,232882.57,1.234579
H000073,E11,20250102,20250131,USD,EUR,336053.28,329242.02,1.020688
H000082,E08,20250203,20250228,EUR,SGD,236167.61,343074.7,0.688385
H000091,E03,20250205,20250228,EUR,CNY,147251.0,1148568.76,7.800074
H000100,E05,20250303,20250328,INR,EUR,21936906.5,245956.92,89.190037
H000109,E10,20250303,20250331,CNY,USD,7612567.45,1024021.31,0.134517
H000118,E04,20250401,20250430,EUR,CNY,132150.57,1028738.47,7.784594
H000127,E09,20250401,20250430,GBP,SGD,203770.33,357375.77,0.570185
H000136,E09,20250501,20250530,GBP,SGD,194934.82,336936.56,0.578551
H000145,E02,20250502,20250530,SGD,USD,1061733.15,790589.13,1.342965
H000154,E01,20250602,20250630,SGD,EUR,246796.63,168423.71,1.465332
H000163,E08,20250602,20250630,EUR,SGD,194116.01,283987.5,0.683537
H000172,E04,20250603,20250630,CNY,USD,6231198.23,896159.41,6.953225
H000181,E06,20250701,20250731,GBP,EUR,103954.61,118961.83,1.144363
H000190,E11,20250701,20250731,USD,EUR,316384.21,287403.19,1.100837
H000199,E07,20250801,20250829,EUR,SGD,232486.55,334202.84,0.695645
H000208,E11,20250801,20250829,USD,EUR,396102.22,367923.27,1.076589
H000217,E06,20250901,20250930,CNY,EUR,2419819.69,308670.73,0.127559
H000226,E10,20250902,20250930,CNY,USD,5392384.73,743355.15,0.137853
H000235,E02,20251001,20251031,SGD,USD,1534661.36,1130002.61,1.358104
H000244,E09,20251001,20251031,GBP,USD,893828.91,1121251.44,0.797171
H000253,E02,20251103,20251128,SGD,EUR,737717.91,520688.67,1.416812
H000262,E08,20251103,20251128,EUR,USD,966432.72,1015529.42,0.951654
H000271,E02,20251201,20251231,SGD,USD,784705.67,586609.61,1.337697
H000280,E09,20251201,20251231,GBP,SGD,158160.38,273686.16,0.57789
H000289,E02,20260102,20260130,SGD,USD,2222002.82,1680029.94,1.322597
H000298,E10,20260102,20260130,USD,EUR,1597275.42,1486058.01,1.074841
H000307,E02,20260202,20260227,SGD,EUR,1363230.15,955017.36,1.42744
H000316,E08,20260202,20260227,EUR,USD,1653479.62,1775268.42,0.931397
H000325,E02,20260302,20260331,CNY,SGD,6060929.81,1119501.93,0.184708
H000334,E06,20260302,20260331,GBP,EUR,290584.67,365772.43,1.258746
H000343,E10,20260302,20260331,USD,EUR,420505.31,385448.09,1.090952
H000352,E06,20260401,20260430,EUR,SGD,416646.42,601234.8,0.692985
H000361,E09,20260401,20260430,GBP,USD,1140256.19,1572990.53,0.724897
H000370,E11,20260501,20260529,CNY,USD,2569785.77,361319.21,0.140603
H000379,E06,20260504,20260529,GBP,EUR,185635.13,222953.63,1.201031
H000388,E06,20260601,20260630,CNY,EUR,3219166.26,406085.08,0.126146
H000397,E10,20260601,20260630,CNY,USD,8011450.02,1118148.69,0.139569
H000406,E01,20260701,20260731,CNY,SGD,2515208.07,464396.22,0.184635
H000415,E04,20260701,20260731,EUR,CNY,181587.57,1419170.38,7.81535
H000424,E09,20260701,20260731,GBP,SGD,184540.31,316684.97,0.582725
H000433,E02,20260803,20260831,SGD,USD,1956139.04,1462362.56,1.337657
H000442,E06,20260803,20260831,GBP,EUR,205622.83,242329.46,1.178514
