line_id,account_id,booking_date_id,value_date_id,credit_debit,amount,currency_code,bank_tx_code,bank_reference,remittance_info,counterparty_name
L000011716,A002,20241001,20241001,CRDT,11245.79,EUR,SWEEP,B01202410010011716,CASH POOL TRANSFER,
L000014689,A038,20241016,20241016,DBIT,126968.47,USD,SWEEP,B02202410160014689,CASH POOL TRANSFER,
L000017651,A007,20241101,20241101,DBIT,92.24,SGD,CARD,B01202411010017651,,TUCKER-PRESTON
L000020613,A033,20241118,20241118,DBIT,46952.25,EUR,ICDT,B01202411180020613,C0072/346306,BRUMLEVE & VAN ZWABEN
L000023575,A037,20241203,20241203,DBIT,215.8,USD,CARD,B03202412030023575,,"GORDON, JONES AND ALLEN"
L000026537,A004,20241219,20241219,DBIT,109746.51,SGD,ICDT,B01202412190026537,C0134/650282,HEIDRICH GMBH
L000029499,A007,20250103,20250103,DBIT,0.2,SGD,CHRG,B01202501030029499,BANK CHARGES,
L000032461,A007,20250117,20250117,DBIT,33037.57,SGD,ICDT,B01202501170032461,C0135/896944,TUCKER-PRESTON
L000035423,A042,20250204,20250204,DBIT,62.01,USD,CARD,B03202502040035423,,HEIDRICH GMBH
L000038385,A038,20250218,20250218,CRDT,9857.97,USD,RCDT,B02202502180038385,INV-E10-0007978,WALTERS LTD
L000041347,A014,20250306,20250306,DBIT,52.75,USD,CHRG,B03202503060041347,BANK CHARGES,
L000044309,A014,20250321,20250321,DBIT,18.21,USD,CHRG,B03202503210044309,BANK CHARGES,
L000047271,A025,20250404,20250404,DBIT,67.39,EUR,CARD,B02202504040047271,,TEXTOR WEIẞ GMBH & CO. OHG
L000050233,A038,20250421,20250421,CRDT,6141.83,USD,RCDT,B02202504210050233,INV-E10-0010839,"POPE, MARTIN AND SMITH"
L000053195,A012,20250506,20250506,CRDT,37355.16,CNY,RCDT,B04202505060053195,INV-E04-001,四通科技有限公司
L000056157,A039,20250521,20250521,CRDT,9888.66,EUR,RCDT,B01202505210056157,INV-E10-0012244,SÜẞEBIER KARGE AG
L000059119,A011,20250605,20250605,DBIT,26.71,CNY,CHRG,B04202506050059119,BANK CHARGES,
L000062081,A030,20250619,20250619,DBIT,17.3,EUR,CHRG,B03202506190062081,BANK CHARGES,
L000065043,A007,20250704,20250704,DBIT,0.2,SGD,CHRG,B01202507040065043,BANK CHARGES,
L000068005,A025,20250718,20250718,DBIT,54.43,EUR,CARD,B02202507180068005,,HORNIG
L000070967,A020,20250801,20250801,DBIT,3405.96,EUR,ICDT,B02202508010070967,C0134/331701,HEIDRICH GMBH
L000073929,A008,20250818,20250818,DBIT,497.01,CNY,CARD,B04202508180073929,,SÄUBERLICH GMBH & CO. KGAA
L000076891,A025,20250901,20250901,DBIT,57.61,EUR,CARD,B02202509010076891,,SÄUBERLICH GMBH & CO. KGAA
L000079853,A008,20250915,20250915,CRDT,403693.56,CNY,RCDT,B04202509150079853,INV-E03-0018460,富罳科技有限公司
L000082815,A004,20250930,20250930,DBIT,21797.17,SGD,ICDT,B01202509300082815,C0249/709406,快讯网络有限公司
L000085777,A021,20251014,20251014,CRDT,4025.27,EUR,RCDT,B03202510140085777,INV-E06-0019657,PECHEL NIEMEIER STIFTUNG & CO. KGAA
L000088739,A011,20251028,20251028,DBIT,26.78,CNY,CHRG,B04202510280088739,BANK CHARGES,
L000091701,A008,20251112,20251112,DBIT,2484.75,CNY,CARD,B04202511120091701,,HEIDRICH GMBH
L000094663,A004,20251126,20251126,DBIT,0.2,SGD,CHRG,B01202511260094663,BANK CHARGES,
L000097625,A041,20251210,20251210,CRDT,48882.47,USD,RCDT,B03202512100097625,INV-E11-0021211,RAMOS GROUP
L000100587,A008,20251224,20251224,DBIT,1657.33,CNY,CARD,B04202512240100587,,易动力科技有限公司
L000103549,A011,20260108,20260108,DBIT,26.76,CNY,CHRG,B04202601080103549,BANK CHARGES,
L000106511,A019,20260122,20260122,DBIT,2732504.33,INR,ICDT,B01202601220106511,C0005/703760,"APTE, PALLA AND EDWIN"
L000109473,A007,20260206,20260206,DBIT,0.2,SGD,CHRG,B01202602060109473,BANK CHARGES,
L000112435,A002,20260224,20260224,CRDT,19149.84,EUR,RCDT,B01202602240112435,INV-E01-0026080,WEINHOLD KG
L000115397,A008,20260309,20260309,CRDT,731967.22,CNY,RCDT,B04202603090115397,INV-E03-0025971,通际名联科技有限公司
L000118359,A032,20260323,20260323,CRDT,31553.64,EUR,RCDT,B03202603230118359,INV-E08-0027507,PECHEL NIEMEIER STIFTUNG & CO. KGAA
L000121321,A008,20260407,20260407,DBIT,27.09,CNY,CHRG,B04202604070121321,BANK CHARGES,
L000124283,A020,20260420,20260420,DBIT,330.74,EUR,CARD,B02202604200124283,,"APTE, PALLA AND EDWIN"
L000127245,A034,20260505,20260505,DBIT,0.11,GBP,CHRG,B06202605050127245,BANK CHARGES,
L000130207,A025,20260519,20260519,DBIT,89.73,EUR,CARD,B02202605190130207,,STADELMANN GBR
L000133169,A020,20260602,20260602,DBIT,116.92,EUR,CARD,B02202606020133169,,SÄUBERLICH GMBH & CO. KGAA
L000136131,A037,20260616,20260616,DBIT,98.91,USD,CARD,B03202606160136131,,HORNIG
L000139093,A007,20260630,20260630,DBIT,25.0,SGD,CHRG,B01202606300139093,BANK CHARGES,
L000142055,A019,20260714,20260714,DBIT,7987.1,INR,CARD,B01202607140142055,,"VEGA, JONES AND PERRY"
L000145017,A004,20260728,20260728,DBIT,8712.68,SGD,ICDT,B01202607280145017,C0137/221426,诺依曼软件传媒有限公司
L000147979,A036,20260810,20260810,CRDT,15613.57,USD,RCDT,B02202608100147979,INV-E09-0034419,WALTERS LTD
L000150941,A020,20260822,20260822,DBIT,19276.39,EUR,ICDT,B02202608220150941,C0134/282835,HEIDRICH GMBH
L000153903,A039,20260903,20260903,DBIT,4626.97,EUR,ICDT,B01202609030153903,C0134/729651,HEIDRICH GMBH
L000156865,A020,20260917,20260917,DBIT,466.43,EUR,CARD,B02202609170156865,,HEIDRICH GMBH
