payment_id,end_to_end_id,uetr,batch_id,direction,account_id,counterparty_id,type_id,channel,sender_country,receiver_country,amount,currency_code,amount_sgd,fx_rate_applied,charge_bearer,fees,amount_received,purpose_code,remittance_ref,is_intercompany,initiated_ts,submitted_ts,settled_ts,value_date_id,status,failure_reason,is_stp,repair_count,missed_cutoff
P00008586,E2E00008586,0688db66-15fd-45db-87da-dd7d3b27f5a4,,OUT,A001,C0075,11,API,SG,XB,12007.92,USD,16141.12,1.347567,SHA,18.6,11994.32,SUPP,C0075/330970,0,2024-10-01 01:05:00.000000,2024-10-01 01:35:04.000000,2024-10-01 01:42:28.000000,20241001.0,completed,,1,0,0
P00010710,E2E00010710,,E10-6-20241017,OUT,A037,C0014,6,API,US,US,33135.63,USD,44552.41,,,0.22,33135.63,SUPP,C0014/336002,0,2024-10-17 14:10:00.000000,2024-10-17 14:26:52.000000,2024-10-18 14:47:00.000000,20241018.0,completed,,1,0,0
P00012834,E2E00012834,,,OUT,A007,C0008,12,API,SG,CN,86.13,SGD,86.13,,,0.0,86.13,GDDS,,0,2024-11-04 07:46:00.000000,2024-11-04 08:35:31.000000,2024-11-06 02:48:00.000000,20241106.0,completed,,1,0,0
P00014958,E2E00014958,4bb8de30-75a3-42a8-a6a7-e954581e8727,,IN,A036,C0149,11,INBOUND,US,GB,991.21,USD,1339.59,,SHA,0.0,977.14,GDDS,INV-E09-0004125,0,2024-11-19 16:11:00.000000,2024-11-19 16:13:30.000000,2024-11-19 16:29:16.000000,20241119.0,completed,,1,0,0
P00017082,E2E00017082,654213c4-366e-4871-bc7f-97f39bda5299,,IN,A004,C0235,11,INBOUND,DE,SG,5544.44,EUR,7779.24,1.399562,SHA,0.0,5536.52,GDDS,INV-E02-0004142,0,2024-12-05 10:47:00.000000,2024-12-05 10:49:10.000000,2024-12-06 01:43:00.000000,20241206.0,completed,,1,0,0
P00019206,E2E00019206,5b90c8a8-fe50-48e8-bba0-f7a094deeaf9,,IN,A036,C0230,11,INBOUND,CN,GB,111821.13,USD,152345.55,,SHA,0.0,111812.47,GDDS,INV-E09-0006276,0,2024-12-23 07:36:00.000000,2024-12-23 07:40:57.000000,2024-12-23 08:11:01.000000,20241223.0,completed,,1,0,0
P00021330,E2E00021330,,,OUT,A033,C0134,12,PORTAL,NL,DE,51.02,EUR,71.36,,,0.0,51.02,GDDS,,0,2025-01-07 09:37:00.000000,2025-01-07 10:29:00.000000,2025-01-09 10:15:00.000000,20250109.0,completed,,1,0,0
P00023454,E2E00023454,,,OUT,A008,C0172,10,LEGACY_FILE,CN,CN,50741.24,CNY,9334.71,,,27.18,50741.24,SUPP,C0172/738027,0,2025-01-23 01:59:00.000000,2025-01-23 07:38:42.000000,2025-01-23 08:18:53.000000,20250123.0,completed,,1,0,0
P00025578,E2E00025578,7de8b5eb-f527-455d-bbe6-ae0d1862d663,,IN,A038,C0107,11,INBOUND,VN,US,6777.33,USD,9448.01,,SHA,0.0,6760.98,GDDS,INV-E10-0007733,0,2025-02-10 02:47:00.000000,2025-02-10 02:50:47.000000,2025-02-11 14:36:00.000000,20250211.0,completed,,1,0,0
P00027702,E2E00027702,,,IN,A038,C0015,6,INBOUND,US,US,58375.82,USD,81195.69,,,0.0,58375.82,GDDS,INV-E10-0008158,0,2025-02-24 17:22:00.000000,2025-02-24 17:25:40.000000,2025-02-25 16:52:00.000000,20250225.0,completed,,1,0,0
P00029826,E2E00029826,,,OUT,A033,C0084,5,PORTAL,NL,NL,17214.79,EUR,24746.31,,,0.35,17214.79,SUPP,C0084/640270,0,2025-03-12 13:56:00.000000,2025-03-12 19:29:25.000000,2025-03-12 19:30:10.000000,20250312.0,completed,,0,1,0
P00031950,E2E00031950,0ca0c338-b720-4b8b-9dbb-f24d7556fa8c,,OUT,A020,C0056,11,PORTAL,DE,CN,190038.0,CNY,35313.05,0.129556,SHA,134.54,189710.82,SUPP,C0056/445585,0,2025-03-27 13:15:00.000000,2025-03-27 18:47:08.000000,2025-03-31 01:02:00.000000,20250331.0,delayed,,0,1,1
P00034074,E2E00034074,,,OUT,A037,C0122,12,API,US,MY,71.58,USD,95.59,,,0.0,71.58,GDDS,,0,2025-04-11 16:51:00.000000,2025-04-11 17:11:18.000000,2025-04-15 13:49:00.000000,20250415.0,completed,,1,0,0
P00036198,E2E00036198,,,OUT,A025,C0063,12,PORTAL,DE,DE,101.89,EUR,145.47,,,0.0,,GDDS,,0,2025-04-28 11:04:00.000000,2025-04-28 12:39:56.000000,,,rejected,AC01,0,0,0
P00038322,E2E00038322,78fb2ff1-a054-450e-bde9-585f9185cdb3,,IN,A028,C0125,11,INBOUND,CN,DE,24761.58,USD,33687.91,,SHA,0.0,24741.21,GDDS,INV-E07-0011957,0,2025-05-14 04:20:00.000000,2025-05-14 04:23:30.000000,2025-05-14 06:55:19.000000,20250514.0,completed,,1,0,0
P00040446,E2E00040446,,,OUT,A008,C0245,10,H2H_FILE,CN,CN,149075.13,CNY,27932.36,,,26.69,149075.13,SUPP,C0245/922234,0,2025-05-29 04:00:00.000000,2025-05-29 06:13:45.000000,2025-05-29 06:33:21.000000,20250529.0,completed,,1,0,0
P00042570,E2E00042570,46584ff6-f6a8-476f-83d5-e7d9632bae3a,,IN,A014,C0107,11,INBOUND,VN,CN,24874.66,USD,33019.89,,SHA,0.0,24841.24,SCVE,INV-E04-0013363,0,2025-06-16 04:00:00.000000,2025-06-16 04:03:46.000000,2025-06-16 06:22:39.000000,20250616.0,completed,,1,0,0
P00044694,E2E00044694,4a6388f3-1911-4750-89b4-80e462e1e9b2,,IN,A031,C0107,11,INBOUND,VN,NL,8056.5,USD,10660.63,,SHA,0.0,8047.87,SCVE,INV-E08-0014046,0,2025-06-30 10:54:00.000000,2025-06-30 10:56:33.000000,2025-07-01 02:35:54.000000,20250701.0,delayed,,1,0,1
P00046818,E2E00046818,,,OUT,A007,C0171,12,API,SG,CN,71.3,SGD,71.3,,,0.0,71.3,GDDS,,0,2025-07-15 08:17:00.000000,2025-07-15 08:40:38.000000,2025-07-17 02:40:00.000000,20250717.0,completed,,1,0,0
P00048942,E2E00048942,,,OUT,A008,C0133,12,LEGACY_FILE,CN,CN,1007.07,CNY,188.52,,,0.0,1007.07,GDDS,,0,2025-07-29 09:26:00.000000,2025-07-29 12:10:35.000000,2025-07-31 03:00:00.000000,20250731.0,completed,,1,0,0
P00051066,E2E00051066,,,OUT,A034,C0050,12,PORTAL,GB,GB,115.63,GBP,196.42,,,0.0,115.63,GDDS,,0,2025-08-13 15:36:00.000000,2025-08-13 16:54:59.000000,2025-08-15 10:34:00.000000,20250815.0,completed,,1,0,0
P00053190,E2E00053190,13a63272-da33-493b-8570-2497b060c138,,IN,A036,C0142,11,INBOUND,MY,GB,10547.89,USD,14286.28,,OUR,0.0,10547.89,GDDS,INV-E09-0016160,0,2025-08-28 05:41:00.000000,2025-08-28 05:45:19.000000,2025-08-28 06:52:13.000000,20250828.0,completed,,1,0,0
P00055314,E2E00055314,,,OUT,A034,C0120,12,H2H_FILE,GB,GB,57.2,GBP,97.34,,,0.0,57.2,GDDS,,0,2025-09-11 11:42:00.000000,2025-09-11 13:27:53.000000,2025-09-15 09:53:00.000000,20250915.0,completed,,1,0,0
P00057438,E2E00057438,,,OUT,A034,C0134,12,H2H_FILE,GB,DE,35.59,GBP,60.66,,,0.0,35.59,GDDS,,0,2025-09-26 15:46:00.000000,2025-09-26 17:57:16.000000,2025-09-30 09:52:00.000000,20250930.0,completed,,1,0,0
P00059562,E2E00059562,,,OUT,A011,C0187,12,LEGACY_FILE,CN,CN,54.37,CNY,10.12,,,0.0,54.37,GDDS,,0,2025-10-13 05:29:00.000000,2025-10-13 06:46:21.000000,2025-10-15 02:53:00.000000,20251015.0,completed,,1,0,0
P00061686,E2E00061686,01949143-522c-4bc6-a808-c68042f634d4,,IN,A038,C0113,11,INBOUND,XB,US,59159.36,USD,80466.2,,SHA,0.0,59126.7,SCVE,,0,2025-10-27 11:12:00.000000,2025-10-27 11:15:39.000000,2025-10-27 12:54:32.000000,20251027.0,completed,,1,0,0
P00063810,E2E00063810,,,OUT,A007,C0186,12,H2H_FILE,SG,SG,640.15,SGD,640.15,,,0.0,640.15,GDDS,,0,2025-11-11 04:02:00.000000,2025-11-11 06:54:23.000000,2025-11-13 03:31:00.000000,20251113.0,completed,,1,0,0
P00065934,E2E00065934,,,OUT,A025,C0137,12,PORTAL,DE,CN,302.98,EUR,423.7,,,0.0,302.98,GDDS,,0,2025-11-25 15:16:00.000000,2025-11-25 16:54:44.000000,2025-11-27 09:45:00.000000,20251127.0,completed,,1,0,0
P00068058,E2E00068058,,E01-2-20251211,OUT,A001,C0081,2,H2H_FILE,SG,SG,7371.26,SGD,7371.26,,,0.2,7371.26,SUPP,C0081/371989,0,2025-12-11 01:22:00.000000,2025-12-11 02:13:21.000000,2025-12-12 01:30:00.000000,20251212.0,completed,,1,0,0
P00070182,E2E00070182,,,IN,A038,C0015,7,INBOUND,US,US,24229.49,USD,31695.78,,,0.0,24229.49,GDDS,INV-E10-0021813,0,2025-12-24 13:30:00.000000,2025-12-24 13:38:02.000000,2025-12-24 14:44:54.000000,20251224.0,completed,,1,0,0
P00072306,E2E00072306,,,OUT,A037,C0145,12,API,US,DE,183.25,USD,242.23,,,0.0,183.25,GDDS,,0,2026-01-08 16:45:00.000000,2026-01-08 17:02:57.000000,2026-01-12 15:14:00.000000,20260112.0,completed,,1,0,0
P00074430,E2E00074430,,,OUT,A037,C0137,12,API,US,CN,604.72,USD,804.06,,,0.0,604.72,GDDS,,0,2026-01-23 21:52:00.000000,2026-01-23 22:11:08.000000,2026-01-27 14:56:00.000000,20260127.0,completed,,1,0,0
P00076554,E2E00076554,0c0ba6c3-1229-405e-972d-2681a7058976,,IN,A030,C0227,11,INBOUND,GB,NL,22453.59,GBP,39988.72,1.228528,SHA,0.0,22425.84,SCVE,INV-E08-0024770,0,2026-02-09 09:40:00.000000,2026-02-09 09:43:00.000000,2026-02-10 08:48:00.000000,20260210.0,completed,,1,0,0
P00078678,E2E00078678,255a1409-05aa-4a38-ae31-03ee18fe6bcd,,OUT,A037,C0005,11,API,US,IN,23218.94,USD,30892.15,,SHA,18.79,23205.25,SUPP,C0005/386903,0,2026-02-24 14:43:00.000000,2026-02-24 15:06:08.000000,2026-02-25 03:58:00.000000,20260225.0,completed,,1,0,0
P00080802,E2E00080802,,,OUT,A037,C0174,12,API,US,US,200.47,USD,260.8,,,0.0,200.47,GDDS,,0,2026-03-10 19:04:00.000000,2026-03-10 19:29:15.000000,2026-03-12 13:39:00.000000,20260312.0,completed,,1,0,0
P00082926,E2E00082926,5e7c51be-8078-427c-9754-93a79daa059d,,OUT,A010,C0134,11,LEGACY_FILE,CN,DE,7852.86,EUR,11283.83,,SHA,17.4,7842.68,SUPP,C0134/418476,0,2026-03-26 02:03:00.000000,2026-03-26 03:57:27.000000,2026-03-26 04:05:41.000000,20260326.0,completed,,1,0,0
P00085050,E2E00085050,,,OUT,A008,C0175,12,LEGACY_FILE,CN,CN,171.75,CNY,31.94,,,0.0,171.75,GDDS,,0,2026-04-09 06:56:00.000000,2026-04-09 15:34:44.000000,2026-04-13 01:44:00.000000,20260413.0,completed,,1,0,0
P00087174,E2E00087174,,,OUT,A001,C0226,12,API,SG,SG,863.47,SGD,863.47,,,0.0,863.47,GDDS,,0,2026-04-23 09:02:00.000000,2026-04-23 09:12:20.000000,2026-04-27 02:54:00.000000,20260427.0,completed,,1,0,0
P00089298,E2E00089298,30c2b1ad-6fcc-435e-82ff-d768539bbe4f,,OUT,A004,C0137,11,API,SG,CN,88705.66,CNY,16623.26,0.188522,SHA,133.41,88493.58,SUPP,C0137/299719,0,2026-05-08 06:08:00.000000,2026-05-08 06:28:51.000000,2026-05-08 08:57:42.000000,20260508.0,completed,,1,0,0
P00091422,E2E00091422,,,OUT,A042,C0073,12,PORTAL,US,US,435.0,USD,576.92,,,0.0,435.0,GDDS,,0,2026-05-22 18:14:00.000000,2026-05-22 19:29:46.000000,2026-05-27 13:48:00.000000,20260527.0,completed,,1,0,0
P00093546,E2E00093546,,,OUT,A008,C0008,12,LEGACY_FILE,CN,CN,517.84,CNY,96.9,,,0.0,517.84,GDDS,,0,2026-06-08 05:49:00.000000,2026-06-08 07:13:27.000000,2026-06-10 01:38:00.000000,20260610.0,completed,,1,0,0
P00095670,E2E00095670,686abc33-757c-4fab-bb70-b739b72c9a80,,IN,A001,C0040,11,INBOUND,IN,SG,11779.46,USD,15675.25,1.3274,SHA,0.0,11757.97,SCVE,INV-E01-0031898,0,2026-06-22 07:19:00.000000,2026-06-22 07:25:36.000000,2026-06-23 01:54:00.000000,20260623.0,completed,,1,0,0
P00097794,E2E00097794,,,IN,A008,C0230,10,INBOUND,CN,CN,9234.38,CNY,1712.88,,,0.0,9234.38,GDDS,INV-E03-0032661,0,2026-07-06 05:53:00.000000,2026-07-06 05:57:12.000000,2026-07-06 06:20:28.000000,20260706.0,completed,,1,0,0
P00099918,E2E00099918,,,IN,A008,C0139,10,INBOUND,CN,CN,88835.02,CNY,16498.71,,,0.0,88835.02,SCVE,INV-E03-0033324,0,2026-07-20 05:50:00.000000,2026-07-20 05:55:59.000000,2026-07-20 06:19:56.000000,20260720.0,completed,,1,0,0
P00102042,E2E00102042,,,OUT,A007,C0135,12,API,SG,SG,339.39,SGD,339.39,,,0.0,339.39,GDDS,,0,2026-08-03 02:59:00.000000,2026-08-03 03:21:14.000000,2026-08-05 02:44:00.000000,20260805.0,completed,,1,0,0
P00104166,E2E00104166,,,OUT,A008,C0137,12,H2H_FILE,CN,CN,408.58,CNY,76.83,,,0.0,408.58,GDDS,,0,2026-08-17 04:13:00.000000,2026-08-17 05:02:48.000000,2026-08-19 02:48:00.000000,20260819.0,completed,,1,0,0
P00106290,E2E00106290,,,OUT,A020,C0134,12,H2H_FILE,DE,DE,541.09,EUR,786.88,,,0.0,541.09,GDDS,,0,2026-08-28 11:09:00.000000,2026-08-28 19:02:34.000000,2026-09-01 09:32:00.000000,20260901.0,completed,,0,1,0
P00108414,E2E00108414,,,OUT,A007,C0135,12,API,SG,SG,133.52,SGD,133.52,,,0.0,133.52,GDDS,,0,2026-09-11 03:18:00.000000,2026-09-11 04:03:50.000000,2026-09-15 03:50:00.000000,20260915.0,completed,,1,0,0
P00110538,E2E00110538,,E11-6-20260924,OUT,A042,C0001,6,API,US,US,27564.26,USD,37568.35,,,0.22,27564.26,SUPP,C0001/262596,0,2026-09-24 13:12:00.000000,2026-09-24 13:28:47.000000,2026-09-25 13:51:00.000000,20260925.0,completed,,1,0,0
P00112953,E2EIC00112953,09c1ee2b-ecd1-4b85-ae67-93165ef2a89b,,OUT,A002,C0087,11,API,SG,DE,817241.38,EUR,1182910.31,,OUR,0.0,817241.38,INTC,IC TOPUP E06,1,2025-05-23 05:00:00.000000,2025-05-23 05:05:00.000000,2025-05-23 06:58:23.000000,20250523.0,completed,,1,0,0
