date_id,account_id,closing_balance,currency_code,closing_balance_sgd
20241001,A001,-4816927.85,SGD,-4816927.85
20241015,A029,41101.83,USD,54756.31
20241030,A006,180507.52,USD,246524.54
20241113,A033,0.0,EUR,0.0
20241128,A013,1498000.0,CNY,277769.65
20241212,A042,119901.69,USD,163727.32
20241227,A021,894796.39,EUR,1241329.56
20250111,A046,-82661290.29,CNY,-15120072.57
20250125,A028,0.0,USD,0.0
20250209,A009,750936.16,USD,1043494.88
20250223,A039,549917.14,EUR,793416.05
20250310,A017,713905.67,EUR,1024486.05
20250325,A001,-13550777.64,SGD,-13550777.64
20250408,A029,27070.89,USD,36266.06
20250423,A006,158036.04,USD,211627.33
20250507,A033,0.0,EUR,0.0
20250522,A013,1498000.0,CNY,279742.51
20250605,A042,171859.13,USD,224714.58
20250620,A021,96110.91,EUR,139755.64
20250705,A046,-164274193.48,CNY,-30822109.83
20250719,A028,0.0,USD,0.0
20250803,A009,214772.31,USD,286940.75
20250817,A039,284372.27,EUR,411440.04
20250901,A017,367889.17,EUR,540133.41
20250916,A001,-28555775.48,SGD,-28555775.48
20250930,A029,61921.89,USD,83756.48
20251015,A006,220937.45,USD,299805.49
20251029,A033,0.0,EUR,0.0
20251113,A013,1498000.0,CNY,278944.08
20251127,A042,103659.27,USD,138108.46
20251212,A021,585417.44,EUR,832773.29
20251227,A046,-256774193.48,CNY,-48084819.34
20260110,A028,0.0,USD,0.0
20260125,A009,207011.43,USD,274415.39
20260208,A039,292827.11,EUR,422396.96
20260223,A017,376745.67,EUR,538570.37
20260310,A001,-32503163.5,SGD,-32503163.5
20260324,A029,69157.49,USD,91079.93
20260408,A006,160901.02,USD,210426.03
20260422,A033,0.0,EUR,0.0
20260507,A013,1498000.0,CNY,280528.96
20260521,A042,226851.41,USD,301363.02
20260605,A021,85064.17,EUR,125680.1
20260620,A046,-311532257.99,CNY,-58099831.52
20260704,A028,0.0,USD,0.0
20260719,A009,222032.36,USD,300148.23
20260802,A039,212315.54,EUR,309340.34
20260817,A017,1012006.81,EUR,1451990.94
20260901,A001,-41076709.49,SGD,-41076709.49
20260915,A029,39634.26,USD,54217.8
