invoice_id,direction,entity_id,counterparty_id,invoice_ref,currency_code,amount,issue_date_id,due_date_id,status
AR0000002,AR,E02,C0109,INV-E02-0000002,USD,1830.88,20240703,20240901,part_paid
AR0003261,AR,E11,C0128,INV-E11-0003261,USD,17368.01,20240913,20241013,paid
AR0004639,AR,E07,C0094,INV-E07-0004639,USD,12787.56,20241016,20241130,paid
AR0006017,AR,E02,C0213,INV-E02-0006017,USD,32668.11,20241118,20250102,paid
AR0007395,AR,E11,C0028,INV-E11-0007395,USD,9445.76,20241216,20250115,paid
AR0008773,AR,E02,C0202,INV-E02-0008773,USD,171874.82,20250120,20250219,paid
AR0010151,AR,E08,C0053,INV-E08-0010151,GBP,4438.68,20250219,20250321,paid
AR0011529,AR,E02,C0235,INV-E02-0011529,EUR,27527.6,20250320,20250419,paid
AR0012907,AR,E10,C0095,INV-E10-0012907,USD,36635.98,20250417,20250601,paid
AR0014285,AR,E10,C0129,INV-E10-0014285,EUR,11271.72,20250519,20250703,paid
AR0015663,AR,E08,C0152,INV-E08-0015663,EUR,9698.44,20250617,20250816,paid
AR0017041,AR,E11,C0110,INV-E11-0017041,EUR,62010.17,20250716,20250830,paid
AR0018419,AR,E06,C0149,INV-E06-0018419,USD,7433.99,20250812,20250911,paid
AR0019797,AR,E06,C0107,INV-E06-0019797,USD,18446.77,20250910,20251010,paid
AR0021175,AR,E03,C0230,INV-E03-0021175,CNY,82907.0,20251009,20251108,paid
AR0022553,AR,E11,C0163,INV-E11-0022553,USD,13419.11,20251106,20251221,paid
AR0023931,AR,E08,C0059,INV-E08-0023931,USD,2912.08,20251204,20260103,part_paid
AR0025309,AR,E09,C0049,INV-E09-0025309,USD,34420.8,20260105,20260306,paid
AR0026687,AR,E06,C0020,INV-E06-0026687,EUR,35972.16,20260202,20260304,paid
AR0028065,AR,E06,C0107,INV-E06-0028065,USD,1362.21,20260303,20260402,paid
AR0029443,AR,E10,C0215,INV-E10-0029443,USD,2871.95,20260330,20260529,paid
AR0030821,AR,E10,C0015,INV-E10-0030821,USD,3271.6,20260427,20260527,paid
AR0032199,AR,E03,C0230,INV-E03-0032199,CNY,283273.32,20260525,20260624,paid
AR0033577,AR,E02,C0020,INV-E02-0033577,EUR,10003.32,20260622,20260806,paid
AR0034955,AR,E10,C0129,INV-E10-0034955,EUR,63681.27,20260715,20260829,paid
AR0036333,AR,E03,C0028,INV-E03-0036333,USD,9557.74,20260811,20260910,paid
AR0037711,AR,E08,C0185,INV-E08-0037711,USD,447.46,20260907,20261106,open
AP0001416,AP,E08,C0134,C0134/362253,EUR,30404.9,20240807,20241006,paid
AP0003547,AP,E11,C0063,C0063/606565,EUR,24619.74,20241002,20241201,paid
AP0004925,AP,E02,C0008,C0008/362494,CNY,20153.7,20241108,20241208,paid
AP0006303,AP,E06,C0140,C0140/988188,EUR,19596.37,20241211,20250110,paid
AP0007681,AP,E03,C0137,C0137/813140,CNY,25417.26,20250117,20250318,paid
AP0009059,AP,E11,C0243,C0243/107896,EUR,5059.32,20250224,20250326,open
AP0010437,AP,E09,C0134,C0134/876386,EUR,9440.05,20250328,20250427,paid
AP0011815,AP,E02,C0182,C0182/72935,USD,32390.26,20250505,20250704,paid
AP0013193,AP,E03,C0169,C0169/324394,CNY,88212.92,20250606,20250706,paid
AP0014571,AP,E07,C0033,C0033/386988,EUR,81864.44,20250710,20250809,paid
AP0015949,AP,E03,C0187,C0187/681838,CNY,22000.74,20250812,20250911,paid
AP0017327,AP,E06,C0158,C0158/567532,CNY,89492.24,20250915,20251015,paid
AP0018705,AP,E10,C0137,C0137/839484,CNY,137614.25,20251020,20251119,paid
AP0020083,AP,E10,C0143,C0143/481911,EUR,2163.81,20251119,20251219,paid
AP0021461,AP,E02,C0056,C0056/977513,CNY,181427.47,20251219,20260118,paid
AP0022839,AP,E10,C0210,C0210/869444,USD,6623.87,20260123,20260222,paid
AP0024217,AP,E06,C0012,C0012/930863,EUR,11144.57,20260226,20260427,paid
AP0025595,AP,E10,C0172,C0172/930340,CNY,407817.99,20260330,20260529,paid
AP0026973,AP,E09,C0031,C0031/455697,GBP,24348.36,20260501,20260630,paid
AP0028351,AP,E06,C0002,C0002/638365,USD,4148.24,20260604,20260704,paid
AP0029729,AP,E03,C0137,C0137/923633,CNY,38410.45,20260706,20260805,paid
AP0031107,AP,E09,C0187,C0187/845526,CNY,142275.42,20260803,20260902,paid
AP0032485,AP,E06,C0140,C0140/701745,EUR,3054.41,20260902,20261002,open
