event_id,payment_id,event_ts,status,bank_id,hop_seq,reason_code
33439,P00008586,2024-10-01 01:05:00.000000,CREATED,,,
42716,P00010302,2024-10-17 10:04:00.000000,SETTLED,,,
51646,P00012413,2024-11-01 14:34:00.000000,SETTLED,,,
60576,P00014609,2024-11-19 08:10:00.000000,SETTLED,B01,,
69506,P00016928,2024-12-05 02:34:15.000000,SUBMITTED,B01,,
78436,P00018910,2024-12-19 10:17:15.000000,SCREENED,B01,,
87366,P00020827,2025-01-02 22:23:36.000000,SCREENED,B03,,
96296,P00022686,2025-01-17 01:15:16.000000,IN_FLIGHT,B01,1.0,
105226,P00112535,2025-02-04 23:00:00.000000,CREATED,,,
114156,P00026972,2025-02-18 18:13:31.000000,ROUTED,B03,,
123086,P00029026,2025-03-06 10:26:35.000000,SCREENED,B02,,
132016,P00030934,2025-03-21 08:01:00.000000,SETTLED,,,
140946,P00111549,2025-04-07 06:02:23.000000,SETTLED,B02,,
149876,P00034950,2025-04-22 02:02:00.000000,SETTLED,,,
158806,P00037299,2025-05-06 09:25:55.000000,APPROVED,,,
167736,P00039417,2025-05-22 06:32:17.000000,SUBMITTED,B01,,
176666,P00041415,2025-06-05 13:07:18.000000,SUBMITTED,B03,,
185596,P00043451,2025-06-20 04:52:00.000000,CREATED,,,
194526,P00045519,2025-07-07 01:08:00.000000,CREATED,,,
203456,P00047565,2025-07-21 05:06:00.000000,CREATED,,,
212386,P00049644,2025-08-04 08:13:09.000000,SETTLED,B03,,
221316,P00051803,2025-08-19 01:57:00.000000,CREATED,,,
230246,P00053790,2025-09-02 08:04:33.000000,IN_FLIGHT,B03,4.0,
239176,P00055654,2025-09-16 08:08:25.000000,IN_FLIGHT,B03,4.0,
248106,P00057971,2025-09-30 07:44:41.000000,ROUTED,B02,,
257036,P00060011,2025-10-15 06:17:00.000000,CREATED,,,
265966,P00061509,2025-10-28 14:37:00.000000,SETTLED,,,
274896,P00064126,2025-11-13 04:17:38.000000,APPROVED,,,
283826,P00066132,2025-11-27 03:48:41.000000,IN_FLIGHT,B01,3.0,
292756,P00067885,2025-12-11 10:34:00.000000,SETTLED,,,
301686,P00070086,2025-12-24 14:36:20.000000,IN_FLIGHT,B01,1.0,
310616,P00072141,2026-01-08 10:44:06.000000,SCREENED,B04,,
319546,P00074234,2026-01-22 11:16:25.000000,REJECTED,,,AG01
328476,P00076340,2026-02-06 08:46:00.000000,CREATED,,,
337406,P00078235,2026-02-24 01:56:36.000000,IN_FLIGHT,B03,2.0,
346336,P00080465,2026-03-09 09:07:00.000000,CREATED,,,
355266,P00082569,2026-03-24 03:57:05.000000,SCREENED,B04,,
364196,P00084526,2026-04-07 03:19:22.000000,SCREENED,B04,,
373126,P00086642,2026-04-20 20:45:19.000000,SETTLED,B03,,
382056,P00088273,2026-05-05 09:42:00.000000,SETTLED,,,
390986,P00090813,2026-05-19 14:54:18.000000,SUBMITTED,B04,,
399916,P00092907,2026-06-02 16:52:03.000000,SCREENED,B03,,
408846,P00094859,2026-06-17 02:15:07.000000,IN_FLIGHT,B02,3.0,
417776,P00097120,2026-06-30 09:45:00.000000,CREATED,,,
426706,P00099171,2026-07-14 07:51:00.000000,CREATED,,,
435636,P00100790,2026-07-28 04:12:00.000000,SETTLED,,,
444566,P00102837,2026-08-10 08:19:00.000000,SETTLED,,,
453496,P00105255,2026-08-24 03:27:52.000000,SETTLED,B01,,
462426,P00107278,2026-09-03 11:30:03.000000,SCREENED,B06,,
471356,P00109313,2026-09-17 08:27:42.000000,IN_FLIGHT,B01,1.0,
