sweep_id,date_id,from_account_id,to_account_id,amount,currency_code,sweep_ts,sweep_type
S0000497,20241001,A041,A042,182487.76,USD,2024-10-01 11:00:00.000000,internal
S0000616,20241016,A026,A002,9244.13,EUR,2024-10-16 21:59:59.000000,zba
S0000735,20241031,A002,A025,462.58,EUR,2024-10-31 22:59:59.000000,zba
S0000854,20241114,A035,A002,1395.63,EUR,2024-11-14 23:59:59.000000,zba
S0000973,20241129,A038,A045,60074.05,USD,2024-11-30 04:59:59.000000,zba
S0001092,20241216,A002,A025,154.52,EUR,2024-12-16 22:59:59.000000,zba
S0001211,20241231,A036,A045,98793.64,USD,2024-12-31 23:59:59.000000,zba
S0001330,20250114,A045,A040,48664.2,USD,2025-01-15 04:59:59.000000,zba
S0001449,20250130,A045,A036,22320.61,USD,2025-01-30 23:59:59.000000,zba
S0001568,20250214,A004,A007,112920.01,SGD,2025-02-13 23:00:00.000000,internal
S0001687,20250228,A038,A045,851.92,USD,2025-03-01 04:59:59.000000,zba
S0001806,20250317,A026,A002,53121.65,EUR,2025-03-17 22:59:59.000000,zba
S0001925,20250331,A031,A045,21768.59,USD,2025-03-31 21:59:59.000000,zba
S0002044,20250414,A012,A011,1946668.92,CNY,2025-04-13 23:00:00.000000,internal
S0002163,20250428,A036,A045,93495.14,USD,2025-04-28 22:59:59.000000,zba
S0002282,20250513,A010,A002,8418.8,EUR,2025-05-13 15:59:59.000000,zba
S0002401,20250528,A002,A025,189575.78,EUR,2025-05-28 21:59:59.000000,zba
S0002520,20250612,A031,A045,5179.28,USD,2025-06-12 21:59:59.000000,zba
S0002639,20250626,A002,A025,189694.13,EUR,2025-06-26 21:59:59.000000,zba
S0002758,20250710,A012,A011,2523717.27,CNY,2025-07-09 23:00:00.000000,internal
S0002877,20250724,A002,A025,120053.34,EUR,2025-07-24 21:59:59.000000,zba
S0002996,20250806,A040,A045,137683.04,USD,2025-08-07 03:59:59.000000,zba
S0003115,20250820,A045,A037,10797.77,USD,2025-08-21 03:59:59.000000,zba
S0003234,20250904,A031,A045,8938.88,USD,2025-09-04 21:59:59.000000,zba
S0003353,20250917,A038,A045,636371.54,USD,2025-09-18 03:59:59.000000,zba
S0003472,20251002,A002,A033,187224.15,EUR,2025-10-02 21:59:59.000000,zba
S0003591,20251017,A018,A016,228682.09,USD,2025-10-17 01:30:00.000000,internal
S0003710,20251030,A032,A002,7275.42,EUR,2025-10-30 22:59:59.000000,zba
S0003829,20251113,A002,A035,17652.14,EUR,2025-11-13 23:59:59.000000,zba
S0003948,20251128,A002,A010,1559.72,EUR,2025-11-28 15:59:59.000000,zba
S0004067,20251212,A026,A002,14400.71,EUR,2025-12-12 22:59:59.000000,zba
S0004186,20251229,A045,A037,12625.74,USD,2025-12-30 04:59:59.000000,zba
S0004305,20260113,A002,A033,175999.67,EUR,2026-01-13 22:59:59.000000,zba
S0004424,20260128,A028,A045,35672.86,USD,2026-01-28 22:59:59.000000,zba
S0004543,20260210,A038,A045,345461.16,USD,2026-02-11 04:59:59.000000,zba
S0004662,20260226,A025,A002,60987.57,EUR,2026-02-26 22:59:59.000000,zba
S0004781,20260312,A045,A031,62258.9,USD,2026-03-12 22:59:59.000000,zba
S0004900,20260326,A038,A045,71103.5,USD,2026-03-27 03:59:59.000000,zba
S0005019,20260410,A002,A033,42975.73,EUR,2026-04-10 21:59:59.000000,zba
S0005138,20260424,A002,A025,98599.9,EUR,2026-04-24 21:59:59.000000,zba
S0005257,20260511,A002,A033,684.44,EUR,2026-05-11 21:59:59.000000,zba
S0005376,20260526,A036,A045,212191.43,USD,2026-05-26 22:59:59.000000,zba
S0005495,20260609,A045,A036,13467.73,USD,2026-06-09 22:59:59.000000,zba
S0005614,20260623,A036,A045,41415.48,USD,2026-06-23 22:59:59.000000,zba
S0005733,20260708,A028,A045,6499.18,USD,2026-07-08 21:59:59.000000,zba
S0005852,20260722,A036,A045,257504.27,USD,2026-07-22 22:59:59.000000,zba
S0005971,20260806,A012,A011,1839649.22,CNY,2026-08-05 23:00:00.000000,internal
S0006090,20260819,A002,A025,50429.13,EUR,2026-08-19 21:59:59.000000,zba
S0006209,20260902,A041,A042,206441.0,USD,2026-09-02 11:00:00.000000,internal
S0006328,20260916,A026,A002,166982.33,EUR,2026-09-16 21:59:59.000000,zba
